school_name,address,postal_code,type_code,nature_code,session_code,mainlevel_code,sap_ind_x,autonomous_ind_x,gifted_ind_x,ip_ind_x,latitude,longitude,cluster,school_count,sap_ind_y,autonomous_ind_y,gifted_ind_y,ip_ind_y,sap_ind_pct,autonomous_ind_pct,gifted_ind_pct,ip_ind_pct,cluster_center_lat,cluster_center_lng
ADMIRALTY PRIMARY SCHOOL,11 WOODLANDS CIRCLE,738907,GOVERNMENT SCHOOL,CO-ED SCHOOL,FULL DAY,PRIMARY,False,False,False,False,1.4426347903311,103.800040119743,6,48,0,1,0,0,0.0,2.1,0.0,0.0,1.434673573672719,103.81272265709664
ADMIRALTY SECONDARY SCHOOL,31 WOODLANDS CRESCENT,737916,GOVERNMENT SCHOOL,CO-ED SCHOOL,SINGLE SESSION,SECONDARY,False,False,False,False,1.44589068910993,103.802398196596,6,48,0,1,0,0,0.0,2.1,0.0,0.0,1.434673573672719,103.81272265709664
AHMAD IBRAHIM PRIMARY SCHOOL,10 YISHUN STREET 11,768643,GOVERNMENT SCHOOL,CO-ED SCHOOL,SINGLE SESSION,PRIMARY,False,False,False,False,1.43315271543517,103.832942401086,6,48,0,1,0,0,0.0,2.1,0.0,0.0,1.434673573672719,103.81272265709664
AHMAD IBRAHIM SECONDARY SCHOOL,751 YISHUN AVENUE 7,768928,GOVERNMENT SCHOOL,CO-ED SCHOOL,SINGLE SESSION,SECONDARY,False,False,False,False,1.43605975368804,103.829718690077,6,48,0,1,0,0,0.0,2.1,0.0,0.0,1.434673573672719,103.81272265709664
CANBERRA PRIMARY SCHOOL,21 ADMIRALTY DRIVE,757714,GOVERNMENT SCHOOL,CO-ED SCHOOL,SINGLE SESSION,PRIMARY,False,False,False,False,1.45125024371543,103.815858858929,6,48,0,1,0,0,0.0,2.1,0.0,0.0,1.434673573672719,103.81272265709664
CANBERRA SECONDARY SCHOOL,51 SEMBAWANG DRIVE,757699,GOVERNMENT SCHOOL,CO-ED SCHOOL,SINGLE SESSION,SECONDARY,False,False,False,False,1.45319086315972,103.814203583818,6,48,0,1,0,0,0.0,2.1,0.0,0.0,1.434673573672719,103.81272265709664
CHONGFU SCHOOL,170 YISHUN AVENUE 6,768959,GOVERNMENT-AIDED SCH,CO-ED SCHOOL,SINGLE SESSION,PRIMARY,False,False,False,False,1.43839562897006,103.839309173817,6,48,0,1,0,0,0.0,2.1,0.0,0.0,1.434673573672719,103.81272265709664
CHRIST CHURCH SECONDARY SCHOOL,20 WOODLANDS DRIVE 17,737924,GOVERNMENT-AIDED SCH,CO-ED SCHOOL,SINGLE SESSION,SECONDARY,False,False,False,False,1.42656780901455,103.793451105242,6,48,0,1,0,0,0.0,2.1,0.0,0.0,1.434673573672719,103.81272265709664
CHUNG CHENG HIGH SCHOOL (YISHUN),11 YISHUN STREET 61,768547,GOVERNMENT-AIDED SCH,CO-ED SCHOOL,SINGLE SESSION,SECONDARY,False,False,False,False,1.41922603586175,103.837390782849,6,48,0,1,0,0,0.0,2.1,0.0,0.0,1.434673573672719,103.81272265709664
ENDEAVOUR PRIMARY SCHOOL,10 Admiralty Link,757521,GOVERNMENT SCHOOL,CO-ED SCHOOL,SINGLE SESSION,PRIMARY,False,False,False,False,1.45388170417263,103.817174701639,6,48,0,1,0,0,0.0,2.1,0.0,0.0,1.434673573672719,103.81272265709664
EVERGREEN PRIMARY SCHOOL,31 WOODLANDS CIRCLE,738908,GOVERNMENT SCHOOL,CO-ED SCHOOL,SINGLE SESSION,PRIMARY,False,False,False,False,1.44414835451585,103.794545295922,6,48,0,1,0,0,0.0,2.1,0.0,0.0,1.434673573672719,103.81272265709664
EVERGREEN SECONDARY SCHOOL,11 WOODLANDS STREET 83,738489,GOVERNMENT SCHOOL,CO-ED SCHOOL,SINGLE SESSION,SECONDARY,False,False,False,False,1.44149131273737,103.794137756171,6,48,0,1,0,0,0.0,2.1,0.0,0.0,1.434673573672719,103.81272265709664
FUCHUN PRIMARY SCHOOL,23 WOODLANDS AVENUE 1,739063,GOVERNMENT SCHOOL,CO-ED SCHOOL,SINGLE SESSION,PRIMARY,False,False,False,False,1.43047990810126,103.778192944298,6,48,0,1,0,0,0.0,2.1,0.0,0.0,1.434673573672719,103.81272265709664
GREENWOOD PRIMARY SCHOOL,11 WOODLANDS DR 62,737942,GOVERNMENT SCHOOL,CO-ED SCHOOL,SINGLE SESSION,PRIMARY,False,False,False,False,1.43989958331782,103.804725587384,6,48,0,1,0,0,0.0,2.1,0.0,0.0,1.434673573672719,103.81272265709664
HUAMIN PRIMARY SCHOOL,21 YISHUN AVENUE 11,768857,GOVERNMENT SCHOOL,CO-ED SCHOOL,SINGLE SESSION,PRIMARY,False,False,False,False,1.42697284512936,103.844240226564,6,48,0,1,0,0,0.0,2.1,0.0,0.0,1.434673573672719,103.81272265709664
INNOVA PRIMARY SCHOOL,80 Woodlands Drive 17,737888,GOVERNMENT SCHOOL,CO-ED SCHOOL,SINGLE SESSION,PRIMARY,False,False,False,False,1.42896700684852,103.790607539185,6,48,0,1,0,0,0.0,2.1,0.0,0.0,1.434673573672719,103.81272265709664
JIEMIN PRIMARY SCHOOL,2 YISHUN STREET 71,768515,GOVERNMENT SCHOOL,CO-ED SCHOOL,SINGLE SESSION,PRIMARY,False,False,False,False,1.42768847665227,103.830425490093,6,48,0,1,0,0,0.0,2.1,0.0,0.0,1.434673573672719,103.81272265709664
MARSILING PRIMARY SCHOOL,31 WOODLANDS CENTRE ROAD,738927,GOVERNMENT SCHOOL,CO-ED SCHOOL,SINGLE SESSION,PRIMARY,False,False,False,False,1.43383904037059,103.773643013846,6,48,0,1,0,0,0.0,2.1,0.0,0.0,1.434673573672719,103.81272265709664
MARSILING SECONDARY SCHOOL,12 MARSILING ROAD,739110,GOVERNMENT SCHOOL,CO-ED SCHOOL,SINGLE SESSION,SECONDARY,False,False,False,False,1.43664424769955,103.776008090454,6,48,0,1,0,0,0.0,2.1,0.0,0.0,1.434673573672719,103.81272265709664
NAVAL BASE PRIMARY SCHOOL,7 YISHUN AVE 4,769028,GOVERNMENT SCHOOL,CO-ED SCHOOL,SINGLE SESSION,PRIMARY,False,False,False,False,1.41590195697649,103.839100590207,6,48,0,1,0,0,0.0,2.1,0.0,0.0,1.434673573672719,103.81272265709664
NAVAL BASE SECONDARY SCHOOL,901 YISHUN RING ROAD,768689,GOVERNMENT SCHOOL,CO-ED SCHOOL,SINGLE SESSION,SECONDARY,False,False,False,False,1.41937881620441,103.831050390247,6,48,0,1,0,0,0.0,2.1,0.0,0.0,1.434673573672719,103.81272265709664
NORTH VIEW PRIMARY SCHOOL,210 YISHUN AVENUE 6,768960,GOVERNMENT SCHOOL,CO-ED SCHOOL,SINGLE SESSION,PRIMARY,False,False,False,False,1.42745159462566,103.848378442893,6,48,0,1,0,0,0.0,2.1,0.0,0.0,1.434673573672719,103.81272265709664
NORTHBROOKS SECONDARY SCHOOL,585 YISHUN RING ROAD,768692,GOVERNMENT SCHOOL,CO-ED SCHOOL,SINGLE SESSION,SECONDARY,False,False,False,False,1.42081285020652,103.845147332528,6,48,0,1,0,0,0.0,2.1,0.0,0.0,1.434673573672719,103.81272265709664
NORTHLAND PRIMARY SCHOOL,15 YISHUN AVENUE 4,769026,GOVERNMENT SCHOOL,CO-ED SCHOOL,SINGLE SESSION,PRIMARY,False,False,False,False,1.42130404159807,103.840792923345,6,48,0,1,0,0,0.0,2.1,0.0,0.0,1.434673573672719,103.81272265709664
NORTHLAND SECONDARY SCHOOL,3 YISHUN STREET 22,768578,GOVERNMENT SCHOOL,CO-ED SCHOOL,SINGLE SESSION,SECONDARY,False,False,False,False,1.43580183362637,103.840104687784,6,48,0,1,0,0,0.0,2.1,0.0,0.0,1.434673573672719,103.81272265709664
NORTHOAKS PRIMARY SCHOOL,61 Sembawang Drive,757622,GOVERNMENT SCHOOL,CO-ED SCHOOL,SINGLE SESSION,PRIMARY,False,False,False,False,1.45732867302094,103.814075611175,6,48,0,1,0,0,0.0,2.1,0.0,0.0,1.434673573672719,103.81272265709664
ORCHID PARK SECONDARY SCHOOL,10 YISHUN STREET 81,768454,GOVERNMENT SCHOOL,CO-ED SCHOOL,SINGLE SESSION,SECONDARY,False,False,False,False,1.41532032779634,103.837859241343,6,48,0,1,0,0,0.0,2.1,0.0,0.0,1.434673573672719,103.81272265709664
PEIYING PRIMARY SCHOOL,651 YISHUN RING ROAD,768687,GOVERNMENT SCHOOL,CO-ED SCHOOL,SINGLE SESSION,PRIMARY,False,False,False,False,1.41741627551251,103.830143209875,6,48,0,1,0,0,0.0,2.1,0.0,0.0,1.434673573672719,103.81272265709664
QIHUA PRIMARY SCHOOL,5 WOODLANDS STREET 81,738525,GOVERNMENT SCHOOL,CO-ED SCHOOL,SINGLE SESSION,PRIMARY,False,False,False,False,1.44203596557592,103.788339762066,6,48,0,1,0,0,0.0,2.1,0.0,0.0,1.434673573672719,103.81272265709664
RIVERSIDE PRIMARY SCHOOL,110 Woodlands Crescent,737803,GOVERNMENT SCHOOL,CO-ED SCHOOL,SINGLE SESSION,PRIMARY,False,False,False,False,1.44700426493785,103.801889031334,6,48,0,1,0,0,0.0,2.1,0.0,0.0,1.434673573672719,103.81272265709664
RIVERSIDE SECONDARY SCHOOL,3 WOODLANDS STREET 81,738524,GOVERNMENT SCHOOL,CO-ED SCHOOL,SINGLE SESSION,SECONDARY,False,False,False,False,1.44110157139127,103.78830823641,6,48,0,1,0,0,0.0,2.1,0.0,0.0,1.434673573672719,103.81272265709664
SEMBAWANG PRIMARY SCHOOL,10 SEMBAWANG DRIVE,757715,GOVERNMENT SCHOOL,CO-ED SCHOOL,SINGLE SESSION,PRIMARY,False,False,False,False,1.4457453096024,103.821152676215,6,48,0,1,0,0,0.0,2.1,0.0,0.0,1.434673573672719,103.81272265709664
SEMBAWANG SECONDARY SCHOOL,30 SEMBAWANG CRESCENT,757704,GOVERNMENT SCHOOL,CO-ED SCHOOL,SINGLE SESSION,SECONDARY,False,False,False,False,1.44531502131387,103.816843258118,6,48,0,1,0,0,0.0,2.1,0.0,0.0,1.434673573672719,103.81272265709664
SI LING PRIMARY SCHOOL,61 WOODLANDS AVENUE 1,739067,GOVERNMENT SCHOOL,CO-ED SCHOOL,SINGLE SESSION,PRIMARY,False,False,False,False,1.43240935732525,103.786035065192,6,48,0,1,0,0,0.0,2.1,0.0,0.0,1.434673573672719,103.81272265709664
SINGAPORE SPORTS SCHOOL,1 Champions Way,737913,SPECIALISED INDEPENDENT SCHOOL,CO-ED SCHOOL,FULL DAY,MIXED LEVELS,False,False,False,False,1.42641140556342,103.789444793951,6,48,0,1,0,0,0.0,2.1,0.0,0.0,1.434673573672719,103.81272265709664
SPECTRA SECONDARY SCHOOL,1 WOODLANDS DRIVE 64,737758,SPECIALISED SCHOOL,CO-ED SCHOOL,SINGLE SESSION,SECONDARY,False,False,False,False,1.43703750789961,103.804100467487,6,48,0,1,0,0,0.0,2.1,0.0,0.0,1.434673573672719,103.81272265709664
WELLINGTON PRIMARY SCHOOL,10 WELLINGTON CIRCLE,757702,GOVERNMENT SCHOOL,CO-ED SCHOOL,SINGLE SESSION,PRIMARY,False,False,False,False,1.45168517614776,103.822516208087,6,48,0,1,0,0,0.0,2.1,0.0,0.0,1.434673573672719,103.81272265709664
WOODGROVE PRIMARY SCHOOL,2 WOODLANDS DRIVE 14,738079,GOVERNMENT SCHOOL,CO-ED SCHOOL,SINGLE SESSION,PRIMARY,False,False,False,False,1.43273620725049,103.79023031392,6,48,0,1,0,0,0.0,2.1,0.0,0.0,1.434673573672719,103.81272265709664
WOODGROVE SECONDARY SCHOOL,3 WOODLANDS AVENUE 6,738990,GOVERNMENT SCHOOL,CO-ED SCHOOL,SINGLE SESSION,SECONDARY,False,False,False,False,1.42831828137013,103.79604758539,6,48,0,1,0,0,0.0,2.1,0.0,0.0,1.434673573672719,103.81272265709664
WOODLANDS PRIMARY SCHOOL,10 WOODLANDS DRIVE 50,738853,GOVERNMENT SCHOOL,CO-ED SCHOOL,SINGLE SESSION,PRIMARY,False,False,False,False,1.43658270720199,103.791791282236,6,48,0,1,0,0,0.0,2.1,0.0,0.0,1.434673573672719,103.81272265709664
WOODLANDS RING PRIMARY SCHOOL,11 WOODLANDS RING ROAD,738240,GOVERNMENT SCHOOL,CO-ED SCHOOL,SINGLE SESSION,PRIMARY,False,False,False,False,1.43485179380236,103.79741434351,6,48,0,1,0,0,0.0,2.1,0.0,0.0,1.434673573672719,103.81272265709664
WOODLANDS RING SECONDARY SCHOOL,21 WOODLANDS AVENUE 1,739062,GOVERNMENT SCHOOL,CO-ED SCHOOL,SINGLE SESSION,SECONDARY,False,False,False,False,1.43070452883799,103.777625748539,6,48,0,1,0,0,0.0,2.1,0.0,0.0,1.434673573672719,103.81272265709664
WOODLANDS SECONDARY SCHOOL,11 MARSILING ROAD,739111,GOVERNMENT SCHOOL,CO-ED SCHOOL,SINGLE SESSION,SECONDARY,False,False,False,False,1.43912528141356,103.774586410437,6,48,0,1,0,0,0.0,2.1,0.0,0.0,1.434673573672719,103.81272265709664
XISHAN PRIMARY SCHOOL,8 YISHUN STREET 21,768611,GOVERNMENT SCHOOL,CO-ED SCHOOL,SINGLE SESSION,PRIMARY,False,False,False,False,1.43347186925064,103.837755319448,6,48,0,1,0,0,0.0,2.1,0.0,0.0,1.434673573672719,103.81272265709664
YISHUN INNOVA JUNIOR COLLEGE,3 YISHUN RING ROAD,768675,GOVERNMENT SCHOOL,CO-ED SCHOOL,FULL DAY,JUNIOR COLLEGE,False,False,False,False,1.42426692572335,103.83003171149,6,48,0,1,0,0,0.0,2.1,0.0,0.0,1.434673573672719,103.81272265709664
YISHUN PRIMARY SCHOOL,500 YISHUN RING ROAD,768679,GOVERNMENT SCHOOL,CO-ED SCHOOL,SINGLE SESSION,PRIMARY,False,False,False,False,1.43397617334964,103.834050796658,6,48,0,1,0,0,0.0,2.1,0.0,0.0,1.434673573672719,103.81272265709664
YISHUN SECONDARY SCHOOL,4 YISHUN STREET 71,768516,GOVERNMENT SCHOOL,CO-ED SCHOOL,SINGLE SESSION,SECONDARY,False,False,False,False,1.42813324276086,103.828764316679,6,48,0,1,0,0,0.0,2.1,0.0,0.0,1.434673573672719,103.81272265709664
YISHUN TOWN SECONDARY SCHOOL,6 YISHUN STREET 21,768610,GOVERNMENT SCHOOL,CO-ED SCHOOL,SINGLE SESSION,SECONDARY,False,True,False,False,1.43232156717386,103.838094226361,6,48,0,1,0,0,0.0,2.1,0.0,0.0,1.434673573672719,103.81272265709664
AI TONG SCHOOL,100 Bright Hill Drive,579646,GOVERNMENT-AIDED SCH,CO-ED SCHOOL,SINGLE SESSION,PRIMARY,True,False,False,False,1.3605834338904,103.833020333986,4,51,10,11,4,4,19.6,21.6,7.8,7.8,1.3307646237117037,103.87292949539535
ANGLO-CHINESE SCHOOL (BARKER ROAD),60 BARKER ROAD,309919,GOVERNMENT-AIDED SCH,BOYS' SCHOOL,SINGLE SESSION,SECONDARY,False,False,False,False,1.31961649151328,103.835772689988,4,51,10,11,4,4,19.6,21.6,7.8,7.8,1.3307646237117037,103.87292949539535
ANGLO-CHINESE SCHOOL (JUNIOR),16 WINSTEDT ROAD,227988,GOVERNMENT-AIDED SCH,BOYS' SCHOOL,SINGLE SESSION,PRIMARY,False,False,False,False,1.30935041274966,103.840950265464,4,51,10,11,4,4,19.6,21.6,7.8,7.8,1.3307646237117037,103.87292949539535
ANGLO-CHINESE SCHOOL (PRIMARY),50 BARKER ROAD,309918,GOVERNMENT-AIDED SCH,BOYS' SCHOOL,SINGLE SESSION,PRIMARY,False,False,True,False,1.31837054523521,103.835609732354,4,51,10,11,4,4,19.6,21.6,7.8,7.8,1.3307646237117037,103.87292949539535
CANOSSA CATHOLIC PRIMARY SCHOOL,1 Sallim Road,387621,GOVERNMENT-AIDED SCH,CO-ED SCHOOL,SINGLE SESSION,PRIMARY,False,False,False,False,1.32664424544839,103.882227964852,4,51,10,11,4,4,19.6,21.6,7.8,7.8,1.3307646237117037,103.87292949539535
CATHOLIC HIGH SCHOOL,9 BISHAN STREET 22,579767,GOVERNMENT-AIDED SCH,BOYS' SCHOOL,SINGLE SESSION,MIXED LEVELS,True,True,True,True,1.3547230747166,103.844874676599,4,51,10,11,4,4,19.6,21.6,7.8,7.8,1.3307646237117037,103.87292949539535
CEDAR GIRLS' SECONDARY SCHOOL,1 CEDAR AVENUE,349692,GOVERNMENT SCHOOL,GIRLS' SCHOOL,SINGLE SESSION,SECONDARY,False,True,False,True,1.33375800216334,103.873933064886,4,51,10,11,4,4,19.6,21.6,7.8,7.8,1.3307646237117037,103.87292949539535
CHIJ (KATONG) PRIMARY,17 MARTIA ROAD,424821,GOVERNMENT-AIDED SCH,GIRLS' SCHOOL,SINGLE SESSION,PRIMARY,False,False,False,False,1.30648535277087,103.911105620496,4,51,10,11,4,4,19.6,21.6,7.8,7.8,1.3307646237117037,103.87292949539535
CHIJ (KELLOCK),1 Bukit Teresa Road,99757,GOVERNMENT-AIDED SCH,GIRLS' SCHOOL,SINGLE SESSION,PRIMARY,False,False,False,False,1.31431505356032,103.892216139188,4,51,10,11,4,4,19.6,21.6,7.8,7.8,1.3307646237117037,103.87292949539535
CHIJ KATONG CONVENT,346 MARINE TERRACE,449150,GOVERNMENT-AIDED SCH,GIRLS' SCHOOL,SINGLE SESSION,SECONDARY,False,True,False,False,1.30644268034894,103.917144350028,4,51,10,11,4,4,19.6,21.6,7.8,7.8,1.3307646237117037,103.87292949539535
CHIJ OUR LADY OF GOOD COUNSEL,2C Burghley Drive,558979,GOVERNMENT-AIDED SCH,GIRLS' SCHOOL,SINGLE SESSION,PRIMARY,False,False,False,False,1.35742952269615,103.864009397373,4,51,10,11,4,4,19.6,21.6,7.8,7.8,1.3307646237117037,103.87292949539535
CHIJ OUR LADY OF THE NATIVITY,1257 UPPER SERANGOON ROAD,534793,GOVERNMENT-AIDED SCH,GIRLS' SCHOOL,SINGLE SESSION,PRIMARY,False,False,False,False,1.37330297140128,103.897575728303,4,51,10,11,4,4,19.6,21.6,7.8,7.8,1.3307646237117037,103.87292949539535
CHIJ PRIMARY (TOA PAYOH),628 Lorong 1 Toa Payoh,319765,GOVERNMENT-AIDED SCH,GIRLS' SCHOOL,SINGLE SESSION,PRIMARY,False,False,False,False,1.33275264711587,103.841847263786,4,51,10,11,4,4,19.6,21.6,7.8,7.8,1.3307646237117037,103.87292949539535
CHIJ SECONDARY (TOA PAYOH),626 LORONG 1 TOA PAYOH,319764,GOVERNMENT-AIDED SCH,GIRLS' SCHOOL,SINGLE SESSION,SECONDARY,False,True,False,False,1.33246079948303,103.843271625083,4,51,10,11,4,4,19.6,21.6,7.8,7.8,1.3307646237117037,103.87292949539535
CHIJ ST. NICHOLAS GIRLS' SCHOOL,501 ANG MO KIO STREET 13,569405,GOVERNMENT-AIDED SCH,GIRLS' SCHOOL,SINGLE SESSION,MIXED LEVELS,True,True,False,True,1.37347687878916,103.834253269436,4,51,10,11,4,4,19.6,21.6,7.8,7.8,1.3307646237117037,103.87292949539535
CHIJ ST. THERESA'S CONVENT,160 LOWER DELTA ROAD,99138,GOVERNMENT-AIDED SCH,GIRLS' SCHOOL,SINGLE SESSION,SECONDARY,False,False,False,False,1.31431505356032,103.892216139188,4,51,10,11,4,4,19.6,21.6,7.8,7.8,1.3307646237117037,103.87292949539535
CHUNG CHENG HIGH SCHOOL (MAIN),50 GOODMAN ROAD,439012,GOVERNMENT-AIDED SCH,CO-ED SCHOOL,SINGLE SESSION,SECONDARY,True,True,False,False,1.30509154753048,103.891653229373,4,51,10,11,4,4,19.6,21.6,7.8,7.8,1.3307646237117037,103.87292949539535
GEYLANG METHODIST SCHOOL (PRIMARY),4 Geylang East Central,389706,GOVERNMENT-AIDED SCH,CO-ED SCHOOL,SINGLE SESSION,PRIMARY,False,False,False,False,1.31814416827374,103.883628501601,4,51,10,11,4,4,19.6,21.6,7.8,7.8,1.3307646237117037,103.87292949539535
GEYLANG METHODIST SCHOOL (SECONDARY),2 GEYLANG EAST CENTRAL,389705,GOVERNMENT-AIDED SCH,CO-ED SCHOOL,SINGLE SESSION,SECONDARY,False,False,False,False,1.31764900474601,103.882661129303,4,51,10,11,4,4,19.6,21.6,7.8,7.8,1.3307646237117037,103.87292949539535
HAIG GIRLS' SCHOOL,51 Koon Seng Road,427072,GOVERNMENT SCHOOL,GIRLS' SCHOOL,SINGLE SESSION,PRIMARY,False,False,False,False,1.31194344271383,103.902902557195,4,51,10,11,4,4,19.6,21.6,7.8,7.8,1.3307646237117037,103.87292949539535
HONG WEN SCHOOL,30 TOWNER ROAD,327829,GOVERNMENT-AIDED SCH,CO-ED SCHOOL,SINGLE SESSION,PRIMARY,True,False,False,False,1.32175999964553,103.857628468881,4,51,10,11,4,4,19.6,21.6,7.8,7.8,1.3307646237117037,103.87292949539535
KHENG CHENG SCHOOL,15 LORONG 3 TOA PAYOH,319580,GOVERNMENT-AIDED SCH,CO-ED SCHOOL,SINGLE SESSION,PRIMARY,False,False,False,False,1.3373381935639,103.847148501824,4,51,10,11,4,4,19.6,21.6,7.8,7.8,1.3307646237117037,103.87292949539535
KONG HWA SCHOOL,350 GUILLEMARD ROAD,399772,GOVERNMENT-AIDED SCH,CO-ED SCHOOL,SINGLE SESSION,PRIMARY,True,False,False,False,1.31099674009193,103.888352029067,4,51,10,11,4,4,19.6,21.6,7.8,7.8,1.3307646237117037,103.87292949539535
KUO CHUAN PRESBYTERIAN PRIMARY SCHOOL,8 BISHAN STREET 13,579793,GOVERNMENT-AIDED SCH,CO-ED SCHOOL,SINGLE SESSION,PRIMARY,False,False,False,False,1.34939813669536,103.855018233311,4,51,10,11,4,4,19.6,21.6,7.8,7.8,1.3307646237117037,103.87292949539535
MAHA BODHI SCHOOL,10 UBI AVENUE 1,408931,GOVERNMENT-AIDED SCH,CO-ED SCHOOL,SINGLE SESSION,PRIMARY,True,False,False,False,1.32858023873554,103.901306904157,4,51,10,11,4,4,19.6,21.6,7.8,7.8,1.3307646237117037,103.87292949539535
MANJUSRI SECONDARY SCHOOL,20 UBI AVENUE 1,408940,GOVERNMENT-AIDED SCH,CO-ED SCHOOL,SINGLE SESSION,SECONDARY,False,False,False,False,1.32747123084846,103.901719963831,4,51,10,11,4,4,19.6,21.6,7.8,7.8,1.3307646237117037,103.87292949539535
MARIS STELLA HIGH SCHOOL,25 MOUNT VERNON ROAD,368051,GOVERNMENT-AIDED SCH,BOYS' SCHOOL,SINGLE SESSION,MIXED LEVELS,True,True,False,False,1.34139822375509,103.87776938227,4,51,10,11,4,4,19.6,21.6,7.8,7.8,1.3307646237117037,103.87292949539535
MARYMOUNT CONVENT SCHOOL,20 Marymount Road,297754,GOVERNMENT-AIDED SCH,GIRLS' SCHOOL,SINGLE SESSION,PRIMARY,False,False,False,False,1.34043840661368,103.839811736775,4,51,10,11,4,4,19.6,21.6,7.8,7.8,1.3307646237117037,103.87292949539535
METHODIST GIRLS' SCHOOL (PRIMARY),11 Blackmore Drive,599986,GOVERNMENT-AIDED SCH,GIRLS' SCHOOL,SINGLE SESSION,PRIMARY,False,False,False,False,1.33266213599636,103.783382114018,4,51,10,11,4,4,19.6,21.6,7.8,7.8,1.3307646237117037,103.87292949539535
MONTFORT JUNIOR SCHOOL,52 HOUGANG AVENUE 8,538786,GOVERNMENT-AIDED SCH,BOYS' SCHOOL,SINGLE SESSION,PRIMARY,False,False,False,False,1.37362445234082,103.889741457901,4,51,10,11,4,4,19.6,21.6,7.8,7.8,1.3307646237117037,103.87292949539535
NANYANG JUNIOR COLLEGE,128 SERANGOON AVENUE 3,556111,GOVERNMENT-AIDED SCH,CO-ED SCHOOL,FULL DAY,JUNIOR COLLEGE,False,False,False,False,1.35028314949236,103.866498721912,4,51,10,11,4,4,19.6,21.6,7.8,7.8,1.3307646237117037,103.87292949539535
NGEE ANN PRIMARY SCHOOL,344 MARINE TERRACE,449149,GOVERNMENT-AIDED SCH,CO-ED SCHOOL,SINGLE SESSION,PRIMARY,False,False,False,False,1.30553224180437,103.917570005713,4,51,10,11,4,4,19.6,21.6,7.8,7.8,1.3307646237117037,103.87292949539535
PAYA LEBAR METHODIST GIRLS' SCHOOL (PRIMARY),298 LORONG AH SOO,536741,GOVERNMENT-AIDED SCH,GIRLS' SCHOOL,SINGLE SESSION,PRIMARY,False,False,False,False,1.3502545600894,103.884846876112,4,51,10,11,4,4,19.6,21.6,7.8,7.8,1.3307646237117037,103.87292949539535
PAYA LEBAR METHODIST GIRLS' SCHOOL (SECONDARY),296 LOR AH SOO,536742,GOVERNMENT-AIDED SCH,GIRLS' SCHOOL,SINGLE SESSION,SECONDARY,False,True,False,False,1.35096755912522,103.885120050588,4,51,10,11,4,4,19.6,21.6,7.8,7.8,1.3307646237117037,103.87292949539535
PEI CHUN PUBLIC SCHOOL,16 LORONG 7 TOA PAYOH,319320,GOVERNMENT-AIDED SCH,CO-ED SCHOOL,SINGLE SESSION,PRIMARY,True,False,False,False,1.33677864390672,103.855341310212,4,51,10,11,4,4,19.6,21.6,7.8,7.8,1.3307646237117037,103.87292949539535
RAFFLES GIRLS' SCHOOL (SECONDARY),2 BRADDELL RISE,318871,INDEPENDENT SCHOOL,GIRLS' SCHOOL,SINGLE SESSION,SECONDARY,False,False,True,True,1.34217479932295,103.84313404727,4,51,10,11,4,4,19.6,21.6,7.8,7.8,1.3307646237117037,103.87292949539535
SINGAPORE CHINESE GIRLS' PRIMARY SCHOOL,190 DUNEARN ROAD,309437,GOVERNMENT-AIDED SCH,GIRLS' SCHOOL,SINGLE SESSION,PRIMARY,False,False,False,False,1.3206340835184,103.828164966953,4,51,10,11,4,4,19.6,21.6,7.8,7.8,1.3307646237117037,103.87292949539535
ST. ANDREW'S JUNIOR COLLEGE,5 Sorby Adams Drive,357691,GOVERNMENT-AIDED SCH,CO-ED SCHOOL,FULL DAY,JUNIOR COLLEGE,False,False,False,False,1.33306515740956,103.863576377056,4,51,10,11,4,4,19.6,21.6,7.8,7.8,1.3307646237117037,103.87292949539535
ST. ANDREW'S JUNIOR SCHOOL,2 FRANCIS THOMAS DRIVE,359337,GOVERNMENT-AIDED SCH,BOYS' SCHOOL,SINGLE SESSION,PRIMARY,False,False,False,False,1.33140255308868,103.865117134385,4,51,10,11,4,4,19.6,21.6,7.8,7.8,1.3307646237117037,103.87292949539535
ST. ANDREW'S SECONDARY SCHOOL,15 FRANCIS THOMAS DRIVE,359342,GOVERNMENT-AIDED SCH,BOYS' SCHOOL,SINGLE SESSION,SECONDARY,False,False,False,False,1.33069360968075,103.866249138562,4,51,10,11,4,4,19.6,21.6,7.8,7.8,1.3307646237117037,103.87292949539535
ST. ANTHONY'S CANOSSIAN PRIMARY SCHOOL,1602 BEDOK NORTH AVE 4,469701,GOVERNMENT-AIDED SCH,GIRLS' SCHOOL,SINGLE SESSION,PRIMARY,False,False,False,False,1.3347253730189,103.941234868202,4,51,10,11,4,4,19.6,21.6,7.8,7.8,1.3307646237117037,103.87292949539535
ST. ANTHONY'S CANOSSIAN SECONDARY SCHOOL,1600 BEDOK NORTH AVENUE 4,469700,GOVERNMENT-AIDED SCH,GIRLS' SCHOOL,SINGLE SESSION,SECONDARY,False,True,False,False,1.33466313498855,103.941977166932,4,51,10,11,4,4,19.6,21.6,7.8,7.8,1.3307646237117037,103.87292949539535
ST. GABRIEL'S PRIMARY SCHOOL,220 Lorong Chuan,556742,GOVERNMENT-AIDED SCH,BOYS' SCHOOL,SINGLE SESSION,PRIMARY,False,False,False,False,1.34930766795555,103.862309899986,4,51,10,11,4,4,19.6,21.6,7.8,7.8,1.3307646237117037,103.87292949539535
ST. GABRIEL'S SECONDARY SCHOOL,24 SERANGOON AVENUE 1,556140,GOVERNMENT-AIDED SCH,BOYS' SCHOOL,SINGLE SESSION,SECONDARY,False,False,False,False,1.34648798732177,103.876094163287,4,51,10,11,4,4,19.6,21.6,7.8,7.8,1.3307646237117037,103.87292949539535
ST. JOSEPH'S INSTITUTION JUNIOR,3 ESSEX ROAD,309331,GOVERNMENT-AIDED SCH,BOYS' SCHOOL,SINGLE SESSION,PRIMARY,False,False,False,False,1.31781476118551,103.845633334522,4,51,10,11,4,4,19.6,21.6,7.8,7.8,1.3307646237117037,103.87292949539535
ST. MARGARET'S SCHOOL (PRIMARY),136 SOPHIA ROAD,387724,GOVERNMENT-AIDED SCH,GIRLS' SCHOOL,SINGLE SESSION,PRIMARY,False,False,False,False,1.32439150290682,103.881624837373,4,51,10,11,4,4,19.6,21.6,7.8,7.8,1.3307646237117037,103.87292949539535
ST. MARGARET'S SCHOOL (SECONDARY),111 FARRER ROAD,259240,GOVERNMENT-AIDED SCH,GIRLS' SCHOOL,SINGLE SESSION,SECONDARY,False,True,False,False,1.31977464050584,103.809602215402,4,51,10,11,4,4,19.6,21.6,7.8,7.8,1.3307646237117037,103.87292949539535
ST. PATRICK'S SCHOOL,490 EAST COAST ROAD,429058,GOVERNMENT-AIDED SCH,BOYS' SCHOOL,SINGLE SESSION,SECONDARY,False,False,False,False,1.30788341871801,103.917638193713,4,51,10,11,4,4,19.6,21.6,7.8,7.8,1.3307646237117037,103.87292949539535
ST. STEPHEN'S SCHOOL,20 SIGLAP VIEW,455789,GOVERNMENT-AIDED SCH,BOYS' SCHOOL,SINGLE SESSION,PRIMARY,False,False,False,False,1.31878997295135,103.917258129598,4,51,10,11,4,4,19.6,21.6,7.8,7.8,1.3307646237117037,103.87292949539535
TANJONG KATONG GIRLS' SCHOOL,20 Dunman Lane,439272,GOVERNMENT SCHOOL,GIRLS' SCHOOL,SINGLE SESSION,SECONDARY,False,True,False,False,1.3075626184394,103.896107204542,4,51,10,11,4,4,19.6,21.6,7.8,7.8,1.3307646237117037,103.87292949539535
TAO NAN SCHOOL,49 MARINE CRESCENT,449761,GOVERNMENT-AIDED SCH,CO-ED SCHOOL,SINGLE SESSION,PRIMARY,True,False,True,False,1.30528528687321,103.911553152326,4,51,10,11,4,4,19.6,21.6,7.8,7.8,1.3307646237117037,103.87292949539535
ALEXANDRA PRIMARY SCHOOL,2A Prince Charles Crescent,159016,GOVERNMENT SCHOOL,CO-ED SCHOOL,SINGLE SESSION,PRIMARY,False,False,False,False,1.29133439161334,103.824424680531,3,44,7,4,8,10,15.9,9.1,18.2,22.7,1.3092655420927872,103.80754758169346
ANGLO-CHINESE JUNIOR COLLEGE,25 DOVER CLOSE EAST,139745,GOVERNMENT-AIDED SCH,CO-ED SCHOOL,FULL DAY,JUNIOR COLLEGE,False,False,False,False,1.30304255193392,103.785358436408,3,44,7,4,8,10,15.9,9.1,18.2,22.7,1.3092655420927872,103.80754758169346
ANGLO-CHINESE SCHOOL (INDEPENDENT),121 DOVER ROAD,139650,INDEPENDENT SCHOOL,CO-ED SCHOOL,SINGLE SESSION,MIXED LEVELS,False,False,True,True,1.30370409257783,103.780363417671,3,44,7,4,8,10,15.9,9.1,18.2,22.7,1.3092655420927872,103.80754758169346
BENDEMEER PRIMARY SCHOOL,91 BENDEMEER ROAD,339948,GOVERNMENT SCHOOL,CO-ED SCHOOL,SINGLE SESSION,PRIMARY,False,False,False,False,1.32181250780475,103.865404167629,3,44,7,4,8,10,15.9,9.1,18.2,22.7,1.3092655420927872,103.80754758169346
BENDEMEER SECONDARY SCHOOL,1 ST WILFRED ROAD,327919,GOVERNMENT SCHOOL,CO-ED SCHOOL,SINGLE SESSION,SECONDARY,False,False,False,False,1.32461111307996,103.860970284401,3,44,7,4,8,10,15.9,9.1,18.2,22.7,1.3092655420927872,103.80754758169346
BLANGAH RISE PRIMARY SCHOOL,91 TELOK BLANGAH HEIGHTS,109100,GOVERNMENT SCHOOL,CO-ED SCHOOL,SINGLE SESSION,PRIMARY,False,False,False,False,1.27612047924037,103.808628535239,3,44,7,4,8,10,15.9,9.1,18.2,22.7,1.3092655420927872,103.80754758169346
BUKIT MERAH SECONDARY SCHOOL,10 LENGKOK BAHRU,159050,GOVERNMENT SCHOOL,CO-ED SCHOOL,SINGLE SESSION,SECONDARY,False,False,False,False,1.28569283064288,103.813438929393,3,44,7,4,8,10,15.9,9.1,18.2,22.7,1.3092655420927872,103.80754758169346
CATHOLIC JUNIOR COLLEGE,129 WHITLEY ROAD,297822,GOVERNMENT-AIDED SCH,CO-ED SCHOOL,FULL DAY,JUNIOR COLLEGE,False,False,False,False,1.32455605783219,103.835028842353,3,44,7,4,8,10,15.9,9.1,18.2,22.7,1.3092655420927872,103.80754758169346
CLEMENTI PRIMARY SCHOOL,8 CLEMENTI AVE 3,129903,GOVERNMENT SCHOOL,CO-ED SCHOOL,SINGLE SESSION,PRIMARY,False,False,False,False,1.31506321827875,103.763144493687,3,44,7,4,8,10,15.9,9.1,18.2,22.7,1.3092655420927872,103.80754758169346
CLEMENTI TOWN SECONDARY SCHOOL,10 CLEMENTI AVE 3,129904,GOVERNMENT SCHOOL,CO-ED SCHOOL,SINGLE SESSION,SECONDARY,False,False,False,False,1.31553912945073,103.762020598524,3,44,7,4,8,10,15.9,9.1,18.2,22.7,1.3092655420927872,103.80754758169346
CRESCENT GIRLS' SCHOOL,357 TANGLIN ROAD,247961,GOVERNMENT SCHOOL,GIRLS' SCHOOL,SINGLE SESSION,SECONDARY,False,True,False,False,1.29331947077104,103.817544461755,3,44,7,4,8,10,15.9,9.1,18.2,22.7,1.3092655420927872,103.80754758169346
DUNMAN HIGH SCHOOL,10 TANJONG RHU ROAD,436895,GOVERNMENT SCHOOL,CO-ED SCHOOL,SINGLE SESSION,MIXED LEVELS,True,True,True,True,1.29996216014962,103.88294155989,3,44,7,4,8,10,15.9,9.1,18.2,22.7,1.3092655420927872,103.80754758169346
FAIRFIELD METHODIST SCHOOL (PRIMARY),100 DOVER ROAD,139648,GOVERNMENT-AIDED SCH,CO-ED SCHOOL,SINGLE SESSION,PRIMARY,False,False,False,False,1.30100441916733,103.785455606827,3,44,7,4,8,10,15.9,9.1,18.2,22.7,1.3092655420927872,103.80754758169346
FAIRFIELD METHODIST SCHOOL (SECONDARY),102 DOVER ROAD,139649,GOVERNMENT-AIDED SCH,CO-ED SCHOOL,SINGLE SESSION,SECONDARY,False,True,False,False,1.30163374395823,103.784099647149,3,44,7,4,8,10,15.9,9.1,18.2,22.7,1.3092655420927872,103.80754758169346
FARRER PARK PRIMARY SCHOOL,2 FARRER PARK ROAD,217567,GOVERNMENT SCHOOL,CO-ED SCHOOL,SINGLE SESSION,PRIMARY,False,False,False,False,1.31236867681371,103.850766402965,3,44,7,4,8,10,15.9,9.1,18.2,22.7,1.3092655420927872,103.80754758169346
GAN ENG SENG PRIMARY SCHOOL,100 REDHILL CLOSE,158901,GOVERNMENT SCHOOL,CO-ED SCHOOL,SINGLE SESSION,PRIMARY,False,False,False,False,1.28559516494962,103.815547410064,3,44,7,4,8,10,15.9,9.1,18.2,22.7,1.3092655420927872,103.80754758169346
GAN ENG SENG SCHOOL,1 HENDERSON ROAD,159561,GOVERNMENT SCHOOL,CO-ED SCHOOL,SINGLE SESSION,SECONDARY,False,False,False,False,1.28907114485773,103.823733673089,3,44,7,4,8,10,15.9,9.1,18.2,22.7,1.3092655420927872,103.80754758169346
HENRY PARK PRIMARY SCHOOL,1 HOLLAND GROVE ROAD,278790,GOVERNMENT SCHOOL,CO-ED SCHOOL,SINGLE SESSION,PRIMARY,False,False,True,False,1.31667646178347,103.784296227747,3,44,7,4,8,10,15.9,9.1,18.2,22.7,1.3092655420927872,103.80754758169346
HWA CHONG INSTITUTION,661 BUKIT TIMAH ROAD,269734,INDEPENDENT SCHOOL,CO-ED SCHOOL,SINGLE SESSION,MIXED LEVELS,True,False,False,True,1.3263580622144,103.803290365022,3,44,7,4,8,10,15.9,9.1,18.2,22.7,1.3092655420927872,103.80754758169346
KENT RIDGE SECONDARY SCHOOL,147 WEST COAST ROAD,127368,GOVERNMENT SCHOOL,CO-ED SCHOOL,SINGLE SESSION,SECONDARY,False,False,False,False,1.30122773426098,103.764889617566,3,44,7,4,8,10,15.9,9.1,18.2,22.7,1.3092655420927872,103.80754758169346
METHODIST GIRLS' SCHOOL (SECONDARY),11 BLACKMORE DRIVE,599986,INDEPENDENT SCHOOL,GIRLS' SCHOOL,SINGLE SESSION,SECONDARY,False,False,False,True,1.33266213599636,103.783382114018,3,44,7,4,8,10,15.9,9.1,18.2,22.7,1.3092655420927872,103.80754758169346
NAN HUA HIGH SCHOOL,41 CLEMENTI AVENUE 1,129956,GOVERNMENT SCHOOL,CO-ED SCHOOL,SINGLE SESSION,SECONDARY,True,True,False,False,1.30809529518605,103.768561446725,3,44,7,4,8,10,15.9,9.1,18.2,22.7,1.3092655420927872,103.80754758169346
NAN HUA PRIMARY SCHOOL,30 Jalan Lempeng,128806,GOVERNMENT-AIDED SCH,CO-ED SCHOOL,DOUBLE SESSION,PRIMARY,True,False,True,False,1.31920159956387,103.761095065761,3,44,7,4,8,10,15.9,9.1,18.2,22.7,1.3092655420927872,103.80754758169346
NANYANG GIRLS' HIGH SCHOOL,2 LINDEN DRIVE,288683,INDEPENDENT SCHOOL,GIRLS' SCHOOL,SINGLE SESSION,SECONDARY,True,False,True,True,1.33058326666479,103.802420979943,3,44,7,4,8,10,15.9,9.1,18.2,22.7,1.3092655420927872,103.80754758169346
NANYANG PRIMARY SCHOOL,52 KING'S ROAD,268097,GOVERNMENT-AIDED SCH,CO-ED SCHOOL,SINGLE SESSION,PRIMARY,True,False,True,False,1.32107094241153,103.807681852799,3,44,7,4,8,10,15.9,9.1,18.2,22.7,1.3092655420927872,103.80754758169346
NATIONAL JUNIOR COLLEGE,37 HILLCREST ROAD,288913,GOVERNMENT SCHOOL,CO-ED SCHOOL,FULL DAY,MIXED LEVELS,False,False,False,True,1.33029291072172,103.804110905425,3,44,7,4,8,10,15.9,9.1,18.2,22.7,1.3092655420927872,103.80754758169346
NEW TOWN PRIMARY SCHOOL,300 Tanglin Halt Road,148812,GOVERNMENT SCHOOL,CO-ED SCHOOL,SINGLE SESSION,PRIMARY,False,False,False,False,1.29981138884057,103.799964819895,3,44,7,4,8,10,15.9,9.1,18.2,22.7,1.3092655420927872,103.80754758169346
NEW TOWN SECONDARY SCHOOL,1020 DOVER ROAD,139657,GOVERNMENT SCHOOL,CO-ED SCHOOL,SINGLE SESSION,SECONDARY,False,False,False,False,1.30977590011357,103.77318863421,3,44,7,4,8,10,15.9,9.1,18.2,22.7,1.3092655420927872,103.80754758169346
NORTHLIGHT SCHOOL,151 Towner Road,327830,SPECIALISED SCHOOL,CO-ED SCHOOL,FULL DAY,SECONDARY,False,False,False,False,1.3191002158167,103.85575955353,3,44,7,4,8,10,15.9,9.1,18.2,22.7,1.3092655420927872,103.80754758169346
NUS HIGH SCHOOL OF MATHEMATICS AND SCIENCE,20 Clementi Avenue 1,129957,SPECIALISED INDEPENDENT SCHOOL,CO-ED SCHOOL,FULL DAY,MIXED LEVELS,False,False,False,True,1.30656448055686,103.769365156929,3,44,7,4,8,10,15.9,9.1,18.2,22.7,1.3092655420927872,103.80754758169346
OUTRAM SECONDARY SCHOOL,3 YORK HILL,168622,GOVERNMENT SCHOOL,CO-ED SCHOOL,SINGLE SESSION,SECONDARY,False,False,False,False,1.28651357464735,103.837127264403,3,44,7,4,8,10,15.9,9.1,18.2,22.7,1.3092655420927872,103.80754758169346
PEI HWA PRESBYTERIAN PRIMARY SCHOOL,7 PEI WAH AVENUE,597610,GOVERNMENT-AIDED SCH,CO-ED SCHOOL,DOUBLE SESSION,PRIMARY,True,False,False,False,1.33807302121151,103.776250903095,3,44,7,4,8,10,15.9,9.1,18.2,22.7,1.3092655420927872,103.80754758169346
PEI TONG PRIMARY SCHOOL,15 CLEMENTI AVENUE 5,129857,GOVERNMENT SCHOOL,CO-ED SCHOOL,SINGLE SESSION,PRIMARY,False,False,False,False,1.31666529308968,103.767438999533,3,44,7,4,8,10,15.9,9.1,18.2,22.7,1.3092655420927872,103.80754758169346
QUEENSTOWN PRIMARY SCHOOL,310 MARGARET DR,149303,GOVERNMENT SCHOOL,CO-ED SCHOOL,SINGLE SESSION,PRIMARY,False,False,False,False,1.29552905587752,103.807648475656,3,44,7,4,8,10,15.9,9.1,18.2,22.7,1.3092655420927872,103.80754758169346
QUEENSTOWN SECONDARY SCHOOL,1 STRATHMORE ROAD,148800,GOVERNMENT SCHOOL,CO-ED SCHOOL,SINGLE SESSION,SECONDARY,False,False,False,False,1.29352126774652,103.813190980055,3,44,7,4,8,10,15.9,9.1,18.2,22.7,1.3092655420927872,103.80754758169346
QUEENSWAY SECONDARY SCHOOL,2A MARGARET DRIVE,149295,GOVERNMENT SCHOOL,CO-ED SCHOOL,SINGLE SESSION,SECONDARY,False,False,False,False,1.30022271592188,103.802207291625,3,44,7,4,8,10,15.9,9.1,18.2,22.7,1.3092655420927872,103.80754758169346
RAFFLES GIRLS' PRIMARY SCHOOL,21 Hillcrest Road,289072,GOVERNMENT SCHOOL,GIRLS' SCHOOL,SINGLE SESSION,PRIMARY,False,False,True,False,1.33004178068277,103.806397828938,3,44,7,4,8,10,15.9,9.1,18.2,22.7,1.3092655420927872,103.80754758169346
RAFFLES INSTITUTION,1 RAFFLES INSTITUTION LANE,575954,INDEPENDENT SCHOOL,CO-ED SCHOOL,SINGLE SESSION,MIXED LEVELS,False,False,True,True,1.34629045013358,103.843620247231,3,44,7,4,8,10,15.9,9.1,18.2,22.7,1.3092655420927872,103.80754758169346
RIVER VALLEY PRIMARY SCHOOL,2 RIVER VALLEY GREEN,237993,GOVERNMENT SCHOOL,CO-ED SCHOOL,SINGLE SESSION,PRIMARY,False,False,False,False,1.29418347842837,103.836018941571,3,44,7,4,8,10,15.9,9.1,18.2,22.7,1.3092655420927872,103.80754758169346
"SCHOOL OF SCIENCE AND TECHNOLOGY, SINGAPORE",1 Technology Drive,138572,SPECIALISED INDEPENDENT SCHOOL,CO-ED SCHOOL,FULL DAY,SECONDARY,False,False,False,False,1.31292810600277,103.774011529322,3,44,7,4,8,10,15.9,9.1,18.2,22.7,1.3092655420927872,103.80754758169346
"SCHOOL OF THE ARTS, SINGAPORE",1 Zubir Said Drive,227968,SPECIALISED INDEPENDENT SCHOOL,CO-ED SCHOOL,SINGLE SESSION,MIXED LEVELS,False,False,False,False,1.29936480411316,103.848687419363,3,44,7,4,8,10,15.9,9.1,18.2,22.7,1.3092655420927872,103.80754758169346
SINGAPORE CHINESE GIRLS' SCHOOL,190 DUNEARN ROAD,309437,INDEPENDENT SCHOOL,GIRLS' SCHOOL,SINGLE SESSION,SECONDARY,False,False,False,True,1.3206340835184,103.828164966953,3,44,7,4,8,10,15.9,9.1,18.2,22.7,1.3092655420927872,103.80754758169346
ST. JOSEPH'S INSTITUTION,38 MALCOLM ROAD,308274,INDEPENDENT SCHOOL,CO-ED SCHOOL,SINGLE SESSION,MIXED LEVELS,False,False,False,True,1.32365313490152,103.828498974985,3,44,7,4,8,10,15.9,9.1,18.2,22.7,1.3092655420927872,103.80754758169346
ZHANGDE PRIMARY SCHOOL,51 Jalan Membina,169485,GOVERNMENT SCHOOL,CO-ED SCHOOL,SINGLE SESSION,PRIMARY,False,False,False,False,1.28421153855474,103.825951884637,3,44,7,4,8,10,15.9,9.1,18.2,22.7,1.3092655420927872,103.80754758169346
ANCHOR GREEN PRIMARY SCHOOL,31 Anchorvale Drive,544969,GOVERNMENT SCHOOL,CO-ED SCHOOL,SINGLE SESSION,PRIMARY,False,False,False,False,1.39036998654612,103.887165375933,0,42,1,0,1,0,2.4,0.0,2.4,0.0,1.3841961334836543,103.88966915933524
ANDERSON PRIMARY SCHOOL,19 ANG MO KIO AVE 9,569785,GOVERNMENT SCHOOL,CO-ED SCHOOL,SINGLE SESSION,PRIMARY,False,False,False,False,1.38419941907925,103.841411716006,0,42,1,0,1,0,2.4,0.0,2.4,0.0,1.3841961334836543,103.88966915933524
ANG MO KIO PRIMARY SCHOOL,20 ANG MO KIO AVENUE 3,569920,GOVERNMENT SCHOOL,CO-ED SCHOOL,SINGLE SESSION,PRIMARY,False,False,False,False,1.36932176584608,103.839630858752,0,42,1,0,1,0,2.4,0.0,2.4,0.0,1.3841961334836543,103.88966915933524
COMPASSVALE PRIMARY SCHOOL,21 COMPASSVAE STREET,545091,GOVERNMENT SCHOOL,CO-ED SCHOOL,SINGLE SESSION,PRIMARY,False,False,False,False,1.39444529636566,103.897812229905,0,42,1,0,1,0,2.4,0.0,2.4,0.0,1.3841961334836543,103.88966915933524
EDGEFIELD PRIMARY SCHOOL,41 EDGEFIELD PLAINS,828869,GOVERNMENT SCHOOL,CO-ED SCHOOL,SINGLE SESSION,PRIMARY,False,False,False,False,1.40009139510996,103.907847599114,0,42,1,0,1,0,2.4,0.0,2.4,0.0,1.3841961334836543,103.88966915933524
ELIAS PARK PRIMARY SCHOOL,11 PASIR RIS STREET 52,518866,GOVERNMENT SCHOOL,CO-ED SCHOOL,SINGLE SESSION,PRIMARY,False,False,False,False,1.37505696315817,103.945289416873,0,42,1,0,1,0,2.4,0.0,2.4,0.0,1.3841961334836543,103.88966915933524
FERN GREEN PRIMARY SCHOOL,70 Fernvale Link,797538,GOVERNMENT SCHOOL,CO-ED SCHOOL,SINGLE SESSION,PRIMARY,False,False,False,False,1.39726966050479,103.880330305684,0,42,1,0,1,0,2.4,0.0,2.4,0.0,1.3841961334836543,103.88966915933524
FERNVALE PRIMARY SCHOOL,1 Fernvale Lane,797701,GOVERNMENT SCHOOL,CO-ED SCHOOL,SINGLE SESSION,PRIMARY,False,False,False,False,1.39030227963797,103.874445458032,0,42,1,0,1,0,2.4,0.0,2.4,0.0,1.3841961334836543,103.88966915933524
FIRST TOA PAYOH PRIMARY SCHOOL,7 LORONG 8 TOA PAYOH,319252,GOVERNMENT SCHOOL,CO-ED SCHOOL,SINGLE SESSION,PRIMARY,False,False,False,False,1.34032299499938,103.855529906182,0,42,1,0,1,0,2.4,0.0,2.4,0.0,1.3841961334836543,103.88966915933524
GREENDALE PRIMARY SCHOOL,50 Edgedale Plains,828848,GOVERNMENT SCHOOL,CO-ED SCHOOL,SINGLE SESSION,PRIMARY,False,False,False,False,1.39648195114256,103.91233462071,0,42,1,0,1,0,2.4,0.0,2.4,0.0,1.3841961334836543,103.88966915933524
HOLY INNOCENTS' PRIMARY SCHOOL,5 Lorong Low Koon,536451,GOVERNMENT-AIDED SCH,CO-ED SCHOOL,SINGLE SESSION,PRIMARY,True,False,False,False,1.36693830877349,103.894114899795,0,42,1,0,1,0,2.4,0.0,2.4,0.0,1.3841961334836543,103.88966915933524
HORIZON PRIMARY SCHOOL,61 Edgedale Plains,828819,GOVERNMENT SCHOOL,CO-ED SCHOOL,SINGLE SESSION,PRIMARY,False,False,False,False,1.399550034492,103.913404855665,0,42,1,0,1,0,2.4,0.0,2.4,0.0,1.3841961334836543,103.88966915933524
HOUGANG PRIMARY SCHOOL,1 HOUGANG ST 93,534238,GOVERNMENT SCHOOL,CO-ED SCHOOL,SINGLE SESSION,PRIMARY,False,False,False,False,1.37738245231461,103.880805274557,0,42,1,0,1,0,2.4,0.0,2.4,0.0,1.3841961334836543,103.88966915933524
JING SHAN PRIMARY SCHOOL,5 ANG MO KIO ST 52,569228,GOVERNMENT SCHOOL,CO-ED SCHOOL,SINGLE SESSION,PRIMARY,False,False,False,False,1.37196445720109,103.851763531681,0,42,1,0,1,0,2.4,0.0,2.4,0.0,1.3841961334836543,103.88966915933524
MAYFLOWER PRIMARY SCHOOL,200 Ang Mo Kio Avenue 5,569878,GOVERNMENT SCHOOL,CO-ED SCHOOL,SINGLE SESSION,PRIMARY,False,False,False,False,1.37637683547682,103.843252803742,0,42,1,0,1,0,2.4,0.0,2.4,0.0,1.3841961334836543,103.88966915933524
MEE TOH SCHOOL,21 EDGEDALE PLAINS,828867,GOVERNMENT-AIDED SCH,CO-ED SCHOOL,SINGLE SESSION,PRIMARY,False,False,False,False,1.39485356081865,103.90857257736,0,42,1,0,1,0,2.4,0.0,2.4,0.0,1.3841961334836543,103.88966915933524
MERIDIAN PRIMARY SCHOOL,20 PASIR RIS ST 71,518798,GOVERNMENT SCHOOL,CO-ED SCHOOL,SINGLE SESSION,PRIMARY,False,False,False,False,1.37550677054835,103.934953276155,0,42,1,0,1,0,2.4,0.0,2.4,0.0,1.3841961334836543,103.88966915933524
NAN CHIAU PRIMARY SCHOOL,50 ANCHORVALE LINK,545080,GOVERNMENT-AIDED SCH,CO-ED SCHOOL,SINGLE SESSION,PRIMARY,False,False,False,False,1.39221149906592,103.891180928186,0,42,1,0,1,0,2.4,0.0,2.4,0.0,1.3841961334836543,103.88966915933524
NORTH SPRING PRIMARY SCHOOL,1 RIVERVALE STREET,545088,GOVERNMENT SCHOOL,CO-ED SCHOOL,SINGLE SESSION,PRIMARY,False,False,False,False,1.38706146494859,103.903202683028,0,42,1,0,1,0,2.4,0.0,2.4,0.0,1.3841961334836543,103.88966915933524
NORTH VISTA PRIMARY SCHOOL,20 Compassvale Link,544974,GOVERNMENT SCHOOL,CO-ED SCHOOL,SINGLE SESSION,PRIMARY,False,False,False,False,1.38255066171151,103.89626457548,0,42,1,0,1,0,2.4,0.0,2.4,0.0,1.3841961334836543,103.88966915933524
NORTHSHORE PRIMARY SCHOOL,30 Northshore Drive,828671,GOVERNMENT SCHOOL,CO-ED SCHOOL,SINGLE SESSION,PRIMARY,False,False,False,False,1.41842322079348,103.905147201163,0,42,1,0,1,0,2.4,0.0,2.4,0.0,1.3841961334836543,103.88966915933524
OASIS PRIMARY SCHOOL,71 Edgefield Plains,828716,GOVERNMENT SCHOOL,CO-ED SCHOOL,SINGLE SESSION,PRIMARY,False,False,False,False,1.40507184758584,103.911200193835,0,42,1,0,1,0,2.4,0.0,2.4,0.0,1.3841961334836543,103.88966915933524
PALM VIEW PRIMARY SCHOOL,150 Compassvale Bow,544822,GOVERNMENT SCHOOL,CO-ED SCHOOL,SINGLE SESSION,PRIMARY,False,False,False,False,1.38376923022123,103.891354675017,0,42,1,0,1,0,2.4,0.0,2.4,0.0,1.3841961334836543,103.88966915933524
PARK VIEW PRIMARY SCHOOL,60 PASIR RIS DRIVE 1,519524,GOVERNMENT SCHOOL,CO-ED SCHOOL,SINGLE SESSION,PRIMARY,False,False,False,False,1.37801687647812,103.9392021807,0,42,1,0,1,0,2.4,0.0,2.4,0.0,1.3841961334836543,103.88966915933524
PUNGGOL COVE PRIMARY SCHOOL,52 Sumang Walk,828674,GOVERNMENT SCHOOL,CO-ED SCHOOL,SINGLE SESSION,PRIMARY,False,False,False,False,1.41158455562454,103.89890448429,0,42,1,0,1,0,2.4,0.0,2.4,0.0,1.3841961334836543,103.88966915933524
PUNGGOL GREEN PRIMARY SCHOOL,98 Punggol Walk,828772,GOVERNMENT SCHOOL,CO-ED SCHOOL,SINGLE SESSION,PRIMARY,False,False,False,False,1.40172590450528,103.898794262307,0,42,1,0,1,0,2.4,0.0,2.4,0.0,1.3841961334836543,103.88966915933524
PUNGGOL PRIMARY SCHOOL,61 HOUGANG AVENUE 8,538787,GOVERNMENT SCHOOL,CO-ED SCHOOL,SINGLE SESSION,PRIMARY,False,False,False,False,1.37820062547641,103.894667159512,0,42,1,0,1,0,2.4,0.0,2.4,0.0,1.3841961334836543,103.88966915933524
PUNGGOL VIEW PRIMARY SCHOOL,9 Punggol Place,828845,GOVERNMENT SCHOOL,CO-ED SCHOOL,SINGLE SESSION,PRIMARY,False,False,False,False,1.40505250226058,103.905299026568,0,42,1,0,1,0,2.4,0.0,2.4,0.0,1.3841961334836543,103.88966915933524
RIVERVALE PRIMARY SCHOOL,80 RIVERVALE DRIVE,545092,GOVERNMENT SCHOOL,CO-ED SCHOOL,SINGLE SESSION,PRIMARY,False,False,False,False,1.39333506298213,103.904545253288,0,42,1,0,1,0,2.4,0.0,2.4,0.0,1.3841961334836543,103.88966915933524
ROSYTH SCHOOL,21 Serangoon North Avenue 4,555855,GOVERNMENT SCHOOL,CO-ED SCHOOL,SINGLE SESSION,PRIMARY,False,False,True,False,1.3728583654058,103.87477170399,0,42,1,0,1,0,2.4,0.0,2.4,0.0,1.3841961334836543,103.88966915933524
SENG KANG PRIMARY SCHOOL,21 COMPASSVALE WALK,545166,GOVERNMENT SCHOOL,CO-ED SCHOOL,SINGLE SESSION,PRIMARY,False,False,False,False,1.38925044778224,103.899527879229,0,42,1,0,1,0,2.4,0.0,2.4,0.0,1.3841961334836543,103.88966915933524
SENGKANG GREEN PRIMARY SCHOOL,15 Fernvale Road,797636,GOVERNMENT SCHOOL,CO-ED SCHOOL,SINGLE SESSION,PRIMARY,False,False,False,False,1.3925400930811,103.874984869551,0,42,1,0,1,0,2.4,0.0,2.4,0.0,1.3841961334836543,103.88966915933524
SPRINGDALE PRIMARY SCHOOL,71 Anchorvale Link,544799,GOVERNMENT SCHOOL,CO-ED SCHOOL,SINGLE SESSION,PRIMARY,False,False,False,False,1.39528544463377,103.889416413501,0,42,1,0,1,0,2.4,0.0,2.4,0.0,1.3841961334836543,103.88966915933524
TECK GHEE PRIMARY SCHOOL,1 ANG MO KIO STREET 32,569299,GOVERNMENT SCHOOL,CO-ED SCHOOL,SINGLE SESSION,PRIMARY,False,False,False,False,1.36565018546903,103.851009800453,0,42,1,0,1,0,2.4,0.0,2.4,0.0,1.3841961334836543,103.88966915933524
TOWNSVILLE PRIMARY SCHOOL,3 ANG MO KIO AVE 10,569730,GOVERNMENT SCHOOL,CO-ED SCHOOL,SINGLE SESSION,PRIMARY,False,False,False,False,1.35994649477568,103.853768994775,0,42,1,0,1,0,2.4,0.0,2.4,0.0,1.3841961334836543,103.88966915933524
VALOUR PRIMARY SCHOOL,49 Punggol Central,828728,GOVERNMENT SCHOOL,CO-ED SCHOOL,SINGLE SESSION,PRIMARY,False,False,False,False,1.40744168163777,103.898762173662,0,42,1,0,1,0,2.4,0.0,2.4,0.0,1.3841961334836543,103.88966915933524
WATERWAY PRIMARY SCHOOL,70 Punggol Drive,828802,GOVERNMENT SCHOOL,CO-ED SCHOOL,SINGLE SESSION,PRIMARY,False,False,False,False,1.39889261226315,103.918585924582,0,42,1,0,1,0,2.4,0.0,2.4,0.0,1.3841961334836543,103.88966915933524
XINGHUA PRIMARY SCHOOL,45 HOUGANG AVENUE 1,538882,GOVERNMENT SCHOOL,CO-ED SCHOOL,SINGLE SESSION,PRIMARY,False,False,False,False,1.35799653782463,103.890216355459,0,42,1,0,1,0,2.4,0.0,2.4,0.0,1.3841961334836543,103.88966915933524
XINMIN PRIMARY SCHOOL,9 HOUGANG AVENUE 8,538784,GOVERNMENT SCHOOL,CO-ED SCHOOL,SINGLE SESSION,PRIMARY,False,False,False,False,1.37176798317468,103.88280991785,0,42,1,0,1,0,2.4,0.0,2.4,0.0,1.3841961334836543,103.88966915933524
YANGZHENG PRIMARY SCHOOL,15 SERANGOON AVENUE 3,556108,GOVERNMENT SCHOOL,CO-ED SCHOOL,SINGLE SESSION,PRIMARY,False,False,False,False,1.3489768083841,103.868467129954,0,42,1,0,1,0,2.4,0.0,2.4,0.0,1.3841961334836543,103.88966915933524
YIO CHU KANG PRIMARY SCHOOL,1 HOUGANG STREET 51,538720,GOVERNMENT SCHOOL,CO-ED SCHOOL,SINGLE SESSION,PRIMARY,False,False,False,False,1.37793264345276,103.885643682171,0,42,1,0,1,0,2.4,0.0,2.4,0.0,1.3841961334836543,103.88966915933524
ZHONGHUA PRIMARY SCHOOL,12 SERANGOON AVENUE 4,556095,GOVERNMENT SCHOOL,CO-ED SCHOOL,SINGLE SESSION,PRIMARY,False,False,False,False,1.36026072476019,103.869712517383,0,42,1,0,1,0,2.4,0.0,2.4,0.0,1.3841961334836543,103.88966915933524
ANDERSON SECONDARY SCHOOL,10 ANG MO KIO STREET 53,569206,GOVERNMENT SCHOOL,CO-ED SCHOOL,SINGLE SESSION,SECONDARY,False,True,False,False,1.37434001701177,103.851554107068,7,33,1,3,0,1,3.0,9.1,0.0,3.0,1.3722350147022573,103.87236080631
ANDERSON SERANGOON JUNIOR COLLEGE,4500 ANG MO KIO AVENUE 6,569843,GOVERNMENT SCHOOL,CO-ED SCHOOL,FULL DAY,JUNIOR COLLEGE,False,False,False,False,1.37839670972543,103.845885968342,7,33,1,3,0,1,3.0,9.1,0.0,3.0,1.3722350147022573,103.87236080631
ANG MO KIO SECONDARY SCHOOL,6 ANG MO KIO STREET 22,569362,GOVERNMENT SCHOOL,CO-ED SCHOOL,SINGLE SESSION,SECONDARY,False,False,False,False,1.36733710171069,103.842154973672,7,33,1,3,0,1,3.0,9.1,0.0,3.0,1.3722350147022573,103.87236080631
BARTLEY SECONDARY SCHOOL,10 JALAN BUNGA RAMPAI,538403,GOVERNMENT SCHOOL,CO-ED SCHOOL,SINGLE SESSION,SECONDARY,False,False,False,False,1.33995415587811,103.882806211705,7,33,1,3,0,1,3.0,9.1,0.0,3.0,1.3722350147022573,103.87236080631
BEATTY SECONDARY SCHOOL,1 TOA PAYOH NORTH,318990,GOVERNMENT SCHOOL,CO-ED SCHOOL,SINGLE SESSION,SECONDARY,False,False,False,False,1.341790284928,103.852280842345,7,33,1,3,0,1,3.0,9.1,0.0,3.0,1.3722350147022573,103.87236080631
BOWEN SECONDARY SCHOOL,2 LORONG NAPIRI,547529,GOVERNMENT SCHOOL,CO-ED SCHOOL,SINGLE SESSION,SECONDARY,False,False,False,False,1.37035994436209,103.877659577677,7,33,1,3,0,1,3.0,9.1,0.0,3.0,1.3722350147022573,103.87236080631
CHIJ ST. JOSEPH'S CONVENT,62 SENGKANG EAST WAY,548595,GOVERNMENT-AIDED SCH,GIRLS' SCHOOL,SINGLE SESSION,SECONDARY,False,False,False,False,1.39175222260369,103.902464991543,7,33,1,3,0,1,3.0,9.1,0.0,3.0,1.3722350147022573,103.87236080631
COMPASSVALE SECONDARY SCHOOL,51 COMPASSVALE CRESCENT,545083,GOVERNMENT SCHOOL,CO-ED SCHOOL,SINGLE SESSION,SECONDARY,False,False,False,False,1.39614083952009,103.899847164494,7,33,1,3,0,1,3.0,9.1,0.0,3.0,1.3722350147022573,103.87236080631
DEYI SECONDARY SCHOOL,1 ANG MO KIO STREET 42,569277,GOVERNMENT SCHOOL,CO-ED SCHOOL,SINGLE SESSION,SECONDARY,False,False,False,False,1.36599702567717,103.852545772422,7,33,1,3,0,1,3.0,9.1,0.0,3.0,1.3722350147022573,103.87236080631
EDGEFIELD SECONDARY SCHOOL,36 PUNGGOL FIELD,828814,GOVERNMENT SCHOOL,CO-ED SCHOOL,SINGLE SESSION,SECONDARY,False,False,False,False,1.40059309981824,103.902687385465,7,33,1,3,0,1,3.0,9.1,0.0,3.0,1.3722350147022573,103.87236080631
EUNOIA JUNIOR COLLEGE,2 Sin Ming Place,573838,GOVERNMENT SCHOOL,CO-ED SCHOOL,FULL DAY,JUNIOR COLLEGE,False,False,False,True,1.36213757183547,103.841286169122,7,33,1,3,0,1,3.0,9.1,0.0,3.0,1.3722350147022573,103.87236080631
GREENDALE SECONDARY SCHOOL,51 EDGEDALE PLAINS,828866,GOVERNMENT SCHOOL,CO-ED SCHOOL,SINGLE SESSION,SECONDARY,False,False,False,False,1.39696019936894,103.91170014084,7,33,1,3,0,1,3.0,9.1,0.0,3.0,1.3722350147022573,103.87236080631
GUANGYANG SECONDARY SCHOOL,8 BISHAN STREET 12,579807,GOVERNMENT SCHOOL,CO-ED SCHOOL,SINGLE SESSION,SECONDARY,False,False,False,False,1.34440856042912,103.850208933626,7,33,1,3,0,1,3.0,9.1,0.0,3.0,1.3722350147022573,103.87236080631
HOLY INNOCENTS' HIGH SCHOOL,1191 UPPER SERANGOON ROAD,534786,GOVERNMENT-AIDED SCH,CO-ED SCHOOL,SINGLE SESSION,SECONDARY,False,False,False,False,1.37154508822261,103.896398814264,7,33,1,3,0,1,3.0,9.1,0.0,3.0,1.3722350147022573,103.87236080631
HOUGANG SECONDARY SCHOOL,2 HOUGANG STREET 93,534256,GOVERNMENT SCHOOL,CO-ED SCHOOL,SINGLE SESSION,SECONDARY,False,False,False,False,1.37764019332164,103.882533963338,7,33,1,3,0,1,3.0,9.1,0.0,3.0,1.3722350147022573,103.87236080631
KUO CHUAN PRESBYTERIAN SECONDARY SCHOOL,10 BISHAN STREET 13,579795,GOVERNMENT-AIDED SCH,CO-ED SCHOOL,SINGLE SESSION,SECONDARY,False,False,False,False,1.35017129930314,103.854983746416,7,33,1,3,0,1,3.0,9.1,0.0,3.0,1.3722350147022573,103.87236080631
MAYFLOWER SECONDARY SCHOOL,2 ANG MO KIO STREET 21,569384,GOVERNMENT SCHOOL,CO-ED SCHOOL,SINGLE SESSION,SECONDARY,False,False,False,False,1.36827266209722,103.835360726863,7,33,1,3,0,1,3.0,9.1,0.0,3.0,1.3722350147022573,103.87236080631
MONTFORT SECONDARY SCHOOL,50 HOUGANG AVENUE 8,538785,GOVERNMENT-AIDED SCH,BOYS' SCHOOL,SINGLE SESSION,SECONDARY,False,False,False,False,1.37396131656912,103.888928372577,7,33,1,3,0,1,3.0,9.1,0.0,3.0,1.3722350147022573,103.87236080631
NAN CHIAU HIGH SCHOOL,20 ANCHORVALE LINK,545079,GOVERNMENT-AIDED SCH,CO-ED SCHOOL,SINGLE SESSION,SECONDARY,True,False,False,False,1.38879582498399,103.890004423764,7,33,1,3,0,1,3.0,9.1,0.0,3.0,1.3722350147022573,103.87236080631
NORTH VISTA SECONDARY SCHOOL,11 RIVERVALE LINK,545081,GOVERNMENT SCHOOL,CO-ED SCHOOL,SINGLE SESSION,SECONDARY,False,False,False,False,1.381131285358,103.899188813886,7,33,1,3,0,1,3.0,9.1,0.0,3.0,1.3722350147022573,103.87236080631
PEI HWA SECONDARY SCHOOL,21 FERNVALE LINK,797702,GOVERNMENT SCHOOL,CO-ED SCHOOL,SINGLE SESSION,SECONDARY,False,False,False,False,1.39037504993234,103.878461745339,7,33,1,3,0,1,3.0,9.1,0.0,3.0,1.3722350147022573,103.87236080631
PEICAI SECONDARY SCHOOL,10 SERANGOON AVENUE 4,556094,GOVERNMENT SCHOOL,CO-ED SCHOOL,SINGLE SESSION,SECONDARY,False,False,False,False,1.35951583222214,103.870010749055,7,33,1,3,0,1,3.0,9.1,0.0,3.0,1.3722350147022573,103.87236080631
PEIRCE SECONDARY SCHOOL,10 SIN MING WALK,575566,GOVERNMENT SCHOOL,CO-ED SCHOOL,SINGLE SESSION,SECONDARY,False,False,False,False,1.36665944653812,103.83021606804,7,33,1,3,0,1,3.0,9.1,0.0,3.0,1.3722350147022573,103.87236080631
PRESBYTERIAN HIGH SCHOOL,5209 ANG MO KIO AVENUE 6,569845,GOVERNMENT-AIDED SCH,CO-ED SCHOOL,SINGLE SESSION,SECONDARY,False,False,False,False,1.38175437421949,103.842382968794,7,33,1,3,0,1,3.0,9.1,0.0,3.0,1.3722350147022573,103.87236080631
PUNGGOL SECONDARY SCHOOL,51 EDGEFIELD PLAINS,828870,GOVERNMENT SCHOOL,CO-ED SCHOOL,SINGLE SESSION,SECONDARY,False,False,False,False,1.40205738421399,103.909213706482,7,33,1,3,0,1,3.0,9.1,0.0,3.0,1.3722350147022573,103.87236080631
SENG KANG SECONDARY SCHOOL,10 COMPASSVALE LANE,545090,GOVERNMENT SCHOOL,CO-ED SCHOOL,SINGLE SESSION,SECONDARY,False,False,False,False,1.38659683143747,103.898365036709,7,33,1,3,0,1,3.0,9.1,0.0,3.0,1.3722350147022573,103.87236080631
SERANGOON GARDEN SECONDARY SCHOOL,21 SERANGOON NORTH AVENUE 1,555889,GOVERNMENT SCHOOL,CO-ED SCHOOL,SINGLE SESSION,SECONDARY,False,False,False,False,1.36932570490947,103.869270301476,7,33,1,3,0,1,3.0,9.1,0.0,3.0,1.3722350147022573,103.87236080631
SERANGOON SECONDARY SCHOOL,11 UPPER SERANGOON VIEW,534237,GOVERNMENT SCHOOL,CO-ED SCHOOL,SINGLE SESSION,SECONDARY,False,False,False,False,1.37465538827443,103.902138740699,7,33,1,3,0,1,3.0,9.1,0.0,3.0,1.3722350147022573,103.87236080631
WHITLEY SECONDARY SCHOOL,30 BISHAN STREET 24,579747,GOVERNMENT SCHOOL,CO-ED SCHOOL,SINGLE SESSION,SECONDARY,False,False,False,False,1.35505208480649,103.842552378136,7,33,1,3,0,1,3.0,9.1,0.0,3.0,1.3722350147022573,103.87236080631
XINMIN SECONDARY SCHOOL,11 HOUGANG AVENUE 8,538789,GOVERNMENT SCHOOL,CO-ED SCHOOL,SINGLE SESSION,SECONDARY,False,True,False,False,1.37255884700002,103.88305161385,7,33,1,3,0,1,3.0,9.1,0.0,3.0,1.3722350147022573,103.87236080631
YIO CHU KANG SECONDARY SCHOOL,3063 ANG MO KIO AVENUE 5,569868,GOVERNMENT SCHOOL,CO-ED SCHOOL,SINGLE SESSION,SECONDARY,False,False,False,False,1.37797597740925,103.84213696352,7,33,1,3,0,1,3.0,9.1,0.0,3.0,1.3722350147022573,103.87236080631
YUYING SECONDARY SCHOOL,47 HOUGANG AVENUE 1,538884,GOVERNMENT-AIDED SCH,CO-ED SCHOOL,SINGLE SESSION,SECONDARY,False,False,False,False,1.35713595302467,103.890194755287,7,33,1,3,0,1,3.0,9.1,0.0,3.0,1.3722350147022573,103.87236080631
ZHONGHUA SECONDARY SCHOOL,13 SERANGOON AVENUE 3,556123,GOVERNMENT SCHOOL,CO-ED SCHOOL,SINGLE SESSION,SECONDARY,False,True,False,False,1.34840720846208,103.869430481414,7,33,1,3,0,1,3.0,9.1,0.0,3.0,1.3722350147022573,103.87236080631
ANGLICAN HIGH SCHOOL,600 UPPER CHANGI ROAD,487012,GOVERNMENT-AIDED SCH,CO-ED SCHOOL,SINGLE SESSION,SECONDARY,True,True,False,False,1.33058126205128,103.941082513081,2,51,3,6,2,3,5.9,11.8,3.9,5.9,1.342877449058009,103.9386926974381
ANGSANA PRIMARY SCHOOL,51 Tampines Street 61,528565,GOVERNMENT SCHOOL,CO-ED SCHOOL,SINGLE SESSION,PRIMARY,False,False,False,False,1.36360590588314,103.9389409004,2,51,3,6,2,3,5.9,11.8,3.9,5.9,1.342877449058009,103.9386926974381
BEDOK GREEN PRIMARY SCHOOL,1 BEDOK SOUTH AVE 2,469317,GOVERNMENT SCHOOL,CO-ED SCHOOL,SINGLE SESSION,PRIMARY,False,False,False,False,1.32344593287992,103.937878976352,2,51,3,6,2,3,5.9,11.8,3.9,5.9,1.342877449058009,103.9386926974381
BEDOK GREEN SECONDARY SCHOOL,360 BEDOK NORTH AVE 3,469722,GOVERNMENT SCHOOL,CO-ED SCHOOL,SINGLE SESSION,SECONDARY,False,False,False,False,1.33451947288431,103.935028383346,2,51,3,6,2,3,5.9,11.8,3.9,5.9,1.342877449058009,103.9386926974381
BEDOK SOUTH SECONDARY SCHOOL,1 JALAN LANGGAR BEDOK,468585,GOVERNMENT SCHOOL,CO-ED SCHOOL,SINGLE SESSION,SECONDARY,False,False,False,False,1.32513655159184,103.950989139261,2,51,3,6,2,3,5.9,11.8,3.9,5.9,1.342877449058009,103.9386926974381
BEDOK VIEW SECONDARY SCHOOL,6 BEDOK SOUTH AVENUE 3,469293,GOVERNMENT SCHOOL,CO-ED SCHOOL,SINGLE SESSION,SECONDARY,False,False,False,False,1.32415704029686,103.943776245024,2,51,3,6,2,3,5.9,11.8,3.9,5.9,1.342877449058009,103.9386926974381
BROADRICK SECONDARY SCHOOL,61 DAKOTA CRESCENT,399935,GOVERNMENT SCHOOL,CO-ED SCHOOL,SINGLE SESSION,SECONDARY,False,False,False,False,1.30705061123433,103.886917922608,2,51,3,6,2,3,5.9,11.8,3.9,5.9,1.342877449058009,103.9386926974381
CANTONMENT PRIMARY SCHOOL,1 Cantonment Close,88256,GOVERNMENT SCHOOL,CO-ED SCHOOL,SINGLE SESSION,PRIMARY,False,False,False,False,1.31431505356032,103.892216139188,2,51,3,6,2,3,5.9,11.8,3.9,5.9,1.342877449058009,103.9386926974381
CASUARINA PRIMARY SCHOOL,30 PASIR RIS ST 41,518935,GOVERNMENT SCHOOL,CO-ED SCHOOL,SINGLE SESSION,PRIMARY,False,False,False,False,1.37246063927999,103.957020286115,2,51,3,6,2,3,5.9,11.8,3.9,5.9,1.342877449058009,103.9386926974381
CEDAR PRIMARY SCHOOL,15 CEDAR AVENUE,349700,GOVERNMENT SCHOOL,CO-ED SCHOOL,SINGLE SESSION,PRIMARY,False,False,False,False,1.33566084356265,103.87562006259,2,51,3,6,2,3,5.9,11.8,3.9,5.9,1.342877449058009,103.9386926974381
CHANGKAT CHANGI SECONDARY SCHOOL,23 SIMEI ST 3,529894,GOVERNMENT SCHOOL,CO-ED SCHOOL,SINGLE SESSION,SECONDARY,False,False,False,False,1.33950630072876,103.953245525564,2,51,3,6,2,3,5.9,11.8,3.9,5.9,1.342877449058009,103.9386926974381
CHANGKAT PRIMARY SCHOOL,11 SIMEI ST 3,529896,GOVERNMENT SCHOOL,CO-ED SCHOOL,SINGLE SESSION,PRIMARY,False,False,False,False,1.34023163951633,103.952080114035,2,51,3,6,2,3,5.9,11.8,3.9,5.9,1.342877449058009,103.9386926974381
CHONGZHENG PRIMARY SCHOOL,1 TAMPINES STREET 21,529392,GOVERNMENT SCHOOL,CO-ED SCHOOL,SINGLE SESSION,PRIMARY,False,False,False,False,1.35061130568554,103.951317297552,2,51,3,6,2,3,5.9,11.8,3.9,5.9,1.342877449058009,103.9386926974381
DAMAI PRIMARY SCHOOL,52 BEDOK RESERVOIR CRESCENT,479226,GOVERNMENT SCHOOL,CO-ED SCHOOL,SINGLE SESSION,PRIMARY,False,False,False,False,1.33524602829747,103.921286435321,2,51,3,6,2,3,5.9,11.8,3.9,5.9,1.342877449058009,103.9386926974381
DAMAI SECONDARY SCHOOL,4800 BEDOK RESERVOIR ROAD,479229,GOVERNMENT SCHOOL,CO-ED SCHOOL,SINGLE SESSION,SECONDARY,False,False,False,False,1.33692798510393,103.927091653438,2,51,3,6,2,3,5.9,11.8,3.9,5.9,1.342877449058009,103.9386926974381
DUNMAN SECONDARY SCHOOL,21 TAMPINES STREET 45,529093,GOVERNMENT SCHOOL,CO-ED SCHOOL,SINGLE SESSION,SECONDARY,False,True,False,False,1.36065258337022,103.956213906966,2,51,3,6,2,3,5.9,11.8,3.9,5.9,1.342877449058009,103.9386926974381
EAST SPRING PRIMARY SCHOOL,31 TAMPINES ST 33,529258,GOVERNMENT SCHOOL,CO-ED SCHOOL,SINGLE SESSION,PRIMARY,False,False,False,False,1.35268400746357,103.961676849165,2,51,3,6,2,3,5.9,11.8,3.9,5.9,1.342877449058009,103.9386926974381
EAST SPRING SECONDARY SCHOOL,30 TAMPINES STREET 34,529231,GOVERNMENT SCHOOL,CO-ED SCHOOL,SINGLE SESSION,SECONDARY,False,False,False,False,1.35622508992581,103.960640700298,2,51,3,6,2,3,5.9,11.8,3.9,5.9,1.342877449058009,103.9386926974381
FENGSHAN PRIMARY SCHOOL,307 BEDOK NORTH ROAD,469680,GOVERNMENT SCHOOL,CO-ED SCHOOL,SINGLE SESSION,PRIMARY,False,False,False,False,1.32980598760785,103.931710293058,2,51,3,6,2,3,5.9,11.8,3.9,5.9,1.342877449058009,103.9386926974381
GONGSHANG PRIMARY SCHOOL,1 TAMPINES STREET 42,529176,GOVERNMENT SCHOOL,CO-ED SCHOOL,SINGLE SESSION,PRIMARY,False,False,False,False,1.35711606790292,103.949144797277,2,51,3,6,2,3,5.9,11.8,3.9,5.9,1.342877449058009,103.9386926974381
HAI SING CATHOLIC SCHOOL,9 PASIR RIS DRIVE 6,519421,GOVERNMENT-AIDED SCH,CO-ED SCHOOL,SINGLE SESSION,SECONDARY,False,False,False,False,1.3743371707478,103.954544548905,2,51,3,6,2,3,5.9,11.8,3.9,5.9,1.342877449058009,103.9386926974381
JUNYUAN PRIMARY SCHOOL,2 Tampines Street 91,528906,GOVERNMENT SCHOOL,CO-ED SCHOOL,SINGLE SESSION,PRIMARY,False,False,False,False,1.34787074766746,103.939221709073,2,51,3,6,2,3,5.9,11.8,3.9,5.9,1.342877449058009,103.9386926974381
JUNYUAN SECONDARY SCHOOL,11 TAMPINES STREET 84,528933,GOVERNMENT SCHOOL,CO-ED SCHOOL,SINGLE SESSION,SECONDARY,False,False,False,False,1.35361315263537,103.933886165824,2,51,3,6,2,3,5.9,11.8,3.9,5.9,1.342877449058009,103.9386926974381
LOYANG VIEW SECONDARY SCHOOL,12 PASIR RIS STREET 11,519073,GOVERNMENT SCHOOL,CO-ED SCHOOL,SINGLE SESSION,SECONDARY,False,False,False,False,1.36658417167238,103.956944585725,2,51,3,6,2,3,5.9,11.8,3.9,5.9,1.342877449058009,103.9386926974381
MERIDIAN SECONDARY SCHOOL,31 PASIR RIS STREET 51,518901,GOVERNMENT SCHOOL,CO-ED SCHOOL,SINGLE SESSION,SECONDARY,False,False,False,False,1.3672468492013,103.948972483629,2,51,3,6,2,3,5.9,11.8,3.9,5.9,1.342877449058009,103.9386926974381
NGEE ANN SECONDARY SCHOOL,1 TAMPINES STREET 32,529283,GOVERNMENT-AIDED SCH,CO-ED SCHOOL,SINGLE SESSION,SECONDARY,False,True,False,False,1.35447525755806,103.956747262496,2,51,3,6,2,3,5.9,11.8,3.9,5.9,1.342877449058009,103.9386926974381
OPERA ESTATE PRIMARY SCHOOL,48 FIDELIO STREET,458436,GOVERNMENT SCHOOL,CO-ED SCHOOL,SINGLE SESSION,PRIMARY,False,False,False,False,1.31996876377748,103.923752668632,2,51,3,6,2,3,5.9,11.8,3.9,5.9,1.342877449058009,103.9386926974381
PASIR RIS CREST SECONDARY SCHOOL,11 PASIR RIS STREET 41,518934,GOVERNMENT SCHOOL,CO-ED SCHOOL,SINGLE SESSION,SECONDARY,False,False,False,False,1.37284060102246,103.959728202919,2,51,3,6,2,3,5.9,11.8,3.9,5.9,1.342877449058009,103.9386926974381
PASIR RIS PRIMARY SCHOOL,5 PASIR RIS STREET 21,518968,GOVERNMENT SCHOOL,CO-ED SCHOOL,SINGLE SESSION,PRIMARY,False,False,False,False,1.37245132722087,103.962922699031,2,51,3,6,2,3,5.9,11.8,3.9,5.9,1.342877449058009,103.9386926974381
PASIR RIS SECONDARY SCHOOL,390 TAMPINES STREET 21,529400,GOVERNMENT SCHOOL,CO-ED SCHOOL,SINGLE SESSION,SECONDARY,False,False,False,False,1.35422732653396,103.948962626204,2,51,3,6,2,3,5.9,11.8,3.9,5.9,1.342877449058009,103.9386926974381
POI CHING SCHOOL,21 TAMPINES STREET 71,529067,GOVERNMENT-AIDED SCH,CO-ED SCHOOL,SINGLE SESSION,PRIMARY,True,False,False,False,1.35765121877679,103.935246486174,2,51,3,6,2,3,5.9,11.8,3.9,5.9,1.342877449058009,103.9386926974381
RADIN MAS PRIMARY SCHOOL,1 BUKIT PURMEI AVENUE,99840,GOVERNMENT SCHOOL,CO-ED SCHOOL,SINGLE SESSION,PRIMARY,False,False,False,False,1.33436225327519,103.966495566543,2,51,3,6,2,3,5.9,11.8,3.9,5.9,1.342877449058009,103.9386926974381
RED SWASTIKA SCHOOL,350 BEDOK NORTH AVENUE 3,469719,GOVERNMENT-AIDED SCH,CO-ED SCHOOL,SINGLE SESSION,PRIMARY,True,False,False,False,1.33405659580859,103.934317528484,2,51,3,6,2,3,5.9,11.8,3.9,5.9,1.342877449058009,103.9386926974381
SPRINGFIELD SECONDARY SCHOOL,30 TAMPINES AVENUE 8,529593,GOVERNMENT SCHOOL,CO-ED SCHOOL,SINGLE SESSION,SECONDARY,False,False,False,False,1.34957303471476,103.930354460693,2,51,3,6,2,3,5.9,11.8,3.9,5.9,1.342877449058009,103.9386926974381
ST. HILDA'S PRIMARY SCHOOL,2 Tampines Ave 3,529706,GOVERNMENT-AIDED SCH,CO-ED SCHOOL,SINGLE SESSION,PRIMARY,False,False,True,False,1.34967978969837,103.937016363397,2,51,3,6,2,3,5.9,11.8,3.9,5.9,1.342877449058009,103.9386926974381
ST. HILDA'S SECONDARY SCHOOL,2 TAMPINES STREET 82,528986,GOVERNMENT-AIDED SCH,CO-ED SCHOOL,SINGLE SESSION,SECONDARY,False,False,False,False,1.34973922385379,103.937608032148,2,51,3,6,2,3,5.9,11.8,3.9,5.9,1.342877449058009,103.9386926974381
TAMPINES MERIDIAN JUNIOR COLLEGE,21 Pasir Ris Street 71,518799,GOVERNMENT SCHOOL,CO-ED SCHOOL,FULL DAY,JUNIOR COLLEGE,False,False,False,False,1.37633346909682,103.936990723441,2,51,3,6,2,3,5.9,11.8,3.9,5.9,1.342877449058009,103.9386926974381
TAMPINES NORTH PRIMARY SCHOOL,30 TAMPINES AVENUE 9,529565,GOVERNMENT SCHOOL,CO-ED SCHOOL,SINGLE SESSION,PRIMARY,False,False,False,False,1.36048786025607,103.948768900518,2,51,3,6,2,3,5.9,11.8,3.9,5.9,1.342877449058009,103.9386926974381
TAMPINES PRIMARY SCHOOL,250 TAMPINES STREET 12,529426,GOVERNMENT SCHOOL,CO-ED SCHOOL,SINGLE SESSION,PRIMARY,False,False,False,False,1.3504863946694,103.943573098509,2,51,3,6,2,3,5.9,11.8,3.9,5.9,1.342877449058009,103.9386926974381
TAMPINES SECONDARY SCHOOL,252 TAMPINES ST 12,529427,GOVERNMENT SCHOOL,CO-ED SCHOOL,SINGLE SESSION,SECONDARY,False,False,False,False,1.34926094811197,103.944263709507,2,51,3,6,2,3,5.9,11.8,3.9,5.9,1.342877449058009,103.9386926974381
TANJONG KATONG PRIMARY SCHOOL,10 Seraya Road,437259,GOVERNMENT SCHOOL,CO-ED SCHOOL,SINGLE SESSION,PRIMARY,False,False,False,False,1.30498489044822,103.899999965407,2,51,3,6,2,3,5.9,11.8,3.9,5.9,1.342877449058009,103.9386926974381
TANJONG KATONG SECONDARY SCHOOL,130 HAIG ROAD,438796,GOVERNMENT SCHOOL,CO-ED SCHOOL,SINGLE SESSION,SECONDARY,False,True,False,False,1.30873515955341,103.897225196199,2,51,3,6,2,3,5.9,11.8,3.9,5.9,1.342877449058009,103.9386926974381
TELOK KURAU PRIMARY SCHOOL,50 BEDOK RESERVOIR RD,479239,GOVERNMENT SCHOOL,CO-ED SCHOOL,SINGLE SESSION,PRIMARY,False,False,False,False,1.33109611001931,103.911005345855,2,51,3,6,2,3,5.9,11.8,3.9,5.9,1.342877449058009,103.9386926974381
TEMASEK JUNIOR COLLEGE,2 TAMPINES AVENUE 9,529564,GOVERNMENT SCHOOL,CO-ED SCHOOL,FULL DAY,MIXED LEVELS,False,False,False,True,1.35728017255861,103.956185936394,2,51,3,6,2,3,5.9,11.8,3.9,5.9,1.342877449058009,103.9386926974381
TEMASEK PRIMARY SCHOOL,501 BEDOK SOUTH AVE 3,469300,GOVERNMENT SCHOOL,CO-ED SCHOOL,SINGLE SESSION,PRIMARY,False,False,False,False,1.31720341663064,103.94575943784,2,51,3,6,2,3,5.9,11.8,3.9,5.9,1.342877449058009,103.9386926974381
TEMASEK SECONDARY SCHOOL,600 UPPER EAST COAST ROAD,465561,GOVERNMENT SCHOOL,CO-ED SCHOOL,SINGLE SESSION,SECONDARY,False,True,False,False,1.31591673150616,103.947564112022,2,51,3,6,2,3,5.9,11.8,3.9,5.9,1.342877449058009,103.9386926974381
VICTORIA JUNIOR COLLEGE,20 MARINE VISTA,449035,GOVERNMENT SCHOOL,CO-ED SCHOOL,FULL DAY,JUNIOR COLLEGE,False,False,False,True,1.30670174177479,103.919982704149,2,51,3,6,2,3,5.9,11.8,3.9,5.9,1.342877449058009,103.9386926974381
VICTORIA SCHOOL,2 SIGLAP LINK,448880,GOVERNMENT SCHOOL,BOYS' SCHOOL,SINGLE SESSION,SECONDARY,False,True,True,True,1.3087130270751,103.927980966639,2,51,3,6,2,3,5.9,11.8,3.9,5.9,1.342877449058009,103.9386926974381
WHITE SANDS PRIMARY SCHOOL,2 PASIR RIS ST 11,519075,GOVERNMENT SCHOOL,CO-ED SCHOOL,SINGLE SESSION,PRIMARY,False,False,False,False,1.36563610941695,103.960861814678,2,51,3,6,2,3,5.9,11.8,3.9,5.9,1.342877449058009,103.9386926974381
YU NENG PRIMARY SCHOOL,56 BEDOK NORTH ST 3,469623,GOVERNMENT SCHOOL,CO-ED SCHOOL,SINGLE SESSION,PRIMARY,False,False,False,False,1.33398037894072,103.932015036296,2,51,3,6,2,3,5.9,11.8,3.9,5.9,1.342877449058009,103.9386926974381
YUMIN PRIMARY SCHOOL,3 TAMPINES STREET 21,529393,GOVERNMENT SCHOOL,CO-ED SCHOOL,SINGLE SESSION,PRIMARY,False,False,False,False,1.35131569890862,103.950551091373,2,51,3,6,2,3,5.9,11.8,3.9,5.9,1.342877449058009,103.9386926974381
ASSUMPTION ENGLISH SCHOOL,622 UPPER BUKIT TIMAH ROAD,678117,GOVERNMENT-AIDED SCH,CO-ED SCHOOL,SINGLE SESSION,SECONDARY,False,False,False,False,1.36838160662857,103.766687526556,1,29,0,1,0,0,0.0,3.4,0.0,0.0,1.3825906836780535,103.75526287700414
ASSUMPTION PATHWAY SCHOOL,30 Cashew Road,679697,SPECIALISED SCHOOL,CO-ED SCHOOL,SINGLE SESSION,SECONDARY,False,False,False,False,1.3696707043227,103.765959130581,1,29,0,1,0,0,0.0,3.4,0.0,0.0,1.3825906836780535,103.75526287700414
BEACON PRIMARY SCHOOL,36 Bukit Panjang Ring Road,679944,GOVERNMENT SCHOOL,CO-ED SCHOOL,SINGLE SESSION,PRIMARY,False,False,False,False,1.38394936211823,103.773632022975,1,29,0,1,0,0,0.0,3.4,0.0,0.0,1.3825906836780535,103.75526287700414
BUKIT PANJANG GOVT. HIGH SCHOOL,7 CHOA CHU KANG AVE 4,689809,GOVERNMENT SCHOOL,CO-ED SCHOOL,SINGLE SESSION,SECONDARY,False,True,False,False,1.38224243360043,103.738361221869,1,29,0,1,0,0,0.0,3.4,0.0,0.0,1.3825906836780535,103.75526287700414
BUKIT PANJANG PRIMARY SCHOOL,109 CASHEW ROAD,679676,GOVERNMENT SCHOOL,CO-ED SCHOOL,SINGLE SESSION,PRIMARY,False,False,False,False,1.37350089986584,103.769417337654,1,29,0,1,0,0,0.0,3.4,0.0,0.0,1.3825906836780535,103.75526287700414
CHIJ OUR LADY QUEEN OF PEACE,4 Chestnut Drive,679287,GOVERNMENT-AIDED SCH,GIRLS' SCHOOL,SINGLE SESSION,PRIMARY,False,False,False,False,1.366603668561,103.767412204602,1,29,0,1,0,0,0.0,3.4,0.0,0.0,1.3825906836780535,103.75526287700414
CHUA CHU KANG PRIMARY SCHOOL,20 CHOA CHU KANG AVENUE 2,689905,GOVERNMENT SCHOOL,CO-ED SCHOOL,SINGLE SESSION,PRIMARY,False,False,False,False,1.37775890093367,103.741832917421,1,29,0,1,0,0,0.0,3.4,0.0,0.0,1.3825906836780535,103.75526287700414
CHUA CHU KANG SECONDARY SCHOOL,3 TECK WHYE CRESCENT,688845,GOVERNMENT SCHOOL,CO-ED SCHOOL,SINGLE SESSION,SECONDARY,False,False,False,False,1.38319029263484,103.751878290333,1,29,0,1,0,0,0.0,3.4,0.0,0.0,1.3825906836780535,103.75526287700414
CONCORD PRIMARY SCHOOL,3 CHOA CHU KANG AVE 4,689814,GOVERNMENT SCHOOL,CO-ED SCHOOL,SINGLE SESSION,PRIMARY,False,False,False,False,1.38026516111464,103.736554295636,1,29,0,1,0,0,0.0,3.4,0.0,0.0,1.3825906836780535,103.75526287700414
DE LA SALLE SCHOOL,11 Choa Chu Kang St 52,689285,GOVERNMENT-AIDED SCH,CO-ED SCHOOL,SINGLE SESSION,PRIMARY,False,False,False,False,1.3947078296399,103.743201812831,1,29,0,1,0,0,0.0,3.4,0.0,0.0,1.3825906836780535,103.75526287700414
DUNEARN SECONDARY SCHOOL,21 BUKIT BATOK WEST AVENUE 2,659204,GOVERNMENT SCHOOL,CO-ED SCHOOL,SINGLE SESSION,SECONDARY,False,False,False,False,1.36357900792871,103.74472109107,1,29,0,1,0,0,0.0,3.4,0.0,0.0,1.3825906836780535,103.75526287700414
GREENRIDGE PRIMARY SCHOOL,11 JELAPANG ROAD,677744,GOVERNMENT SCHOOL,CO-ED SCHOOL,SINGLE SESSION,PRIMARY,False,False,False,False,1.3858892193692,103.767794469258,1,29,0,1,0,0,0.0,3.4,0.0,0.0,1.3825906836780535,103.75526287700414
GREENRIDGE SECONDARY SCHOOL,32 BUKIT PANJANG RING ROAD,679938,GOVERNMENT SCHOOL,CO-ED SCHOOL,SINGLE SESSION,SECONDARY,False,False,False,False,1.38186433722811,103.773828466913,1,29,0,1,0,0,0.0,3.4,0.0,0.0,1.3825906836780535,103.75526287700414
JURONG PIONEER JUNIOR COLLEGE,21 Teck Whye Walk,688258,GOVERNMENT SCHOOL,CO-ED SCHOOL,FULL DAY,JUNIOR COLLEGE,False,False,False,False,1.38437406410733,103.75437461519,1,29,0,1,0,0,0.0,3.4,0.0,0.0,1.3825906836780535,103.75526287700414
KRANJI PRIMARY SCHOOL,11 CHOA CHU KANG STREET 54,689189,GOVERNMENT SCHOOL,CO-ED SCHOOL,SINGLE SESSION,PRIMARY,False,False,False,False,1.39356050497104,103.747362720939,1,29,0,1,0,0,0.0,3.4,0.0,0.0,1.3825906836780535,103.75526287700414
KRANJI SECONDARY SCHOOL,61 CHOA CHU KANG STREET 51,689333,GOVERNMENT SCHOOL,CO-ED SCHOOL,SINGLE SESSION,SECONDARY,False,False,False,False,1.39005109871311,103.741190664845,1,29,0,1,0,0,0.0,3.4,0.0,0.0,1.3825906836780535,103.75526287700414
REGENT SECONDARY SCHOOL,50 CHOA CHU KANG NORTH 5,689621,GOVERNMENT SCHOOL,CO-ED SCHOOL,SINGLE SESSION,SECONDARY,False,False,False,False,1.39327908335682,103.751034411529,1,29,0,1,0,0,0.0,3.4,0.0,0.0,1.3825906836780535,103.75526287700414
SOUTH VIEW PRIMARY SCHOOL,6 Choa Chu Kang Central,689762,GOVERNMENT SCHOOL,CO-ED SCHOOL,SINGLE SESSION,PRIMARY,False,False,False,False,1.38143123987698,103.747153671,1,29,0,1,0,0,0.0,3.4,0.0,0.0,1.3825906836780535,103.75526287700414
ST. ANTHONY'S PRIMARY SCHOOL,30 Bukit Batok St 32,659401,GOVERNMENT-AIDED SCH,CO-ED SCHOOL,SINGLE SESSION,PRIMARY,False,False,False,False,1.36411948475833,103.749251919049,1,29,0,1,0,0,0.0,3.4,0.0,0.0,1.3825906836780535,103.75526287700414
SWISS COTTAGE SECONDARY SCHOOL,3 BUKIT BATOK STREET 34,659322,GOVERNMENT SCHOOL,CO-ED SCHOOL,SINGLE SESSION,SECONDARY,False,False,False,False,1.36471742697475,103.750396136688,1,29,0,1,0,0,0.0,3.4,0.0,0.0,1.3825906836780535,103.75526287700414
TECK WHYE PRIMARY SCHOOL,11 TECK WHYE WALK,688261,GOVERNMENT SCHOOL,CO-ED SCHOOL,SINGLE SESSION,PRIMARY,False,False,False,False,1.38388660469396,103.753924558586,1,29,0,1,0,0,0.0,3.4,0.0,0.0,1.3825906836780535,103.75526287700414
UNITY PRIMARY SCHOOL,21 CHOA CHU KANG CRESCENT,688268,GOVERNMENT SCHOOL,CO-ED SCHOOL,SINGLE SESSION,PRIMARY,False,False,False,False,1.40278303219036,103.746801233973,1,29,0,1,0,0,0.0,3.4,0.0,0.0,1.3825906836780535,103.75526287700414
UNITY SECONDARY SCHOOL,20 CHOA CHU KANG STREET 62,689143,GOVERNMENT SCHOOL,CO-ED SCHOOL,SINGLE SESSION,SECONDARY,False,False,False,False,1.40001524119441,103.74602091483,1,29,0,1,0,0,0.0,3.4,0.0,0.0,1.3825906836780535,103.75526287700414
WEST SPRING PRIMARY SCHOOL,60 Bukit Panjang Ring Road,679946,GOVERNMENT SCHOOL,CO-ED SCHOOL,SINGLE SESSION,PRIMARY,False,False,False,False,1.38917971808454,103.76639772288,1,29,0,1,0,0,0.0,3.4,0.0,0.0,1.3825906836780535,103.75526287700414
WEST SPRING SECONDARY SCHOOL,61 SENJA ROAD,677737,GOVERNMENT SCHOOL,CO-ED SCHOOL,SINGLE SESSION,SECONDARY,False,False,False,False,1.38782283303782,103.760128840155,1,29,0,1,0,0,0.0,3.4,0.0,0.0,1.3825906836780535,103.75526287700414
WEST VIEW PRIMARY SCHOOL,31 SENJA ROAD,677742,GOVERNMENT SCHOOL,CO-ED SCHOOL,SINGLE SESSION,PRIMARY,False,False,False,False,1.38378546546228,103.760273432258,1,29,0,1,0,0,0.0,3.4,0.0,0.0,1.3825906836780535,103.75526287700414
YEW TEE PRIMARY SCHOOL,10 CHOA CHU KANG ST 64,689100,GOVERNMENT SCHOOL,CO-ED SCHOOL,SINGLE SESSION,PRIMARY,False,False,False,False,1.39672603497195,103.751817992962,1,29,0,1,0,0,0.0,3.4,0.0,0.0,1.3825906836780535,103.75526287700414
ZHENGHUA PRIMARY SCHOOL,9 Fajar Road,679002,GOVERNMENT SCHOOL,CO-ED SCHOOL,SINGLE SESSION,PRIMARY,False,False,False,False,1.37942873617052,103.76970317201,1,29,0,1,0,0,0.0,3.4,0.0,0.0,1.3825906836780535,103.75526287700414
ZHENGHUA SECONDARY SCHOOL,91 SENJA ROAD,677741,GOVERNMENT SCHOOL,CO-ED SCHOOL,SINGLE SESSION,SECONDARY,False,False,False,False,1.38836583415352,103.765510638527,1,29,0,1,0,0,0.0,3.4,0.0,0.0,1.3825906836780535,103.75526287700414
BOON LAY GARDEN PRIMARY SCHOOL,20 BOON LAY DRIVE,649930,GOVERNMENT SCHOOL,CO-ED SCHOOL,SINGLE SESSION,PRIMARY,False,False,False,False,1.34284013791617,103.712858381937,5,39,1,2,0,1,2.6,5.1,0.0,2.6,1.3434757259776775,103.72618440953808
BOON LAY SECONDARY SCHOOL,11 JURONG WEST STREET 65,648354,GOVERNMENT SCHOOL,CO-ED SCHOOL,SINGLE SESSION,SECONDARY,False,False,False,False,1.34272216334333,103.701891453912,5,39,1,2,0,1,2.6,5.1,0.0,2.6,1.3434757259776775,103.72618440953808
BUKIT BATOK SECONDARY SCHOOL,50 BUKIT BATOK WEST AVE 8,658962,GOVERNMENT SCHOOL,CO-ED SCHOOL,SINGLE SESSION,SECONDARY,False,False,False,False,1.34849111079052,103.74087370482,5,39,1,2,0,1,2.6,5.1,0.0,2.6,1.3434757259776775,103.72618440953808
BUKIT TIMAH PRIMARY SCHOOL,111 Lorong Kismis,598112,GOVERNMENT SCHOOL,CO-ED SCHOOL,SINGLE SESSION,PRIMARY,False,False,False,False,1.3377498622588,103.766855344779,5,39,1,2,0,1,2.6,5.1,0.0,2.6,1.3434757259776775,103.72618440953808
BUKIT VIEW PRIMARY SCHOOL,18 BUKIT BATOK STREET 21,659634,GOVERNMENT SCHOOL,CO-ED SCHOOL,SINGLE SESSION,PRIMARY,False,False,False,False,1.34586054788695,103.75366641455,5,39,1,2,0,1,2.6,5.1,0.0,2.6,1.3434757259776775,103.72618440953808
BUKIT VIEW SECONDARY SCHOOL,16 BUKIT BATOK STREET 21,659633,GOVERNMENT SCHOOL,CO-ED SCHOOL,SINGLE SESSION,SECONDARY,False,False,False,False,1.3457330554294,103.752226593984,5,39,1,2,0,1,2.6,5.1,0.0,2.6,1.3434757259776775,103.72618440953808
COMMONWEALTH SECONDARY SCHOOL,698 WEST COAST ROAD,608784,GOVERNMENT SCHOOL,CO-ED SCHOOL,SINGLE SESSION,SECONDARY,False,True,False,False,1.31920395934801,103.745637393049,5,39,1,2,0,1,2.6,5.1,0.0,2.6,1.3434757259776775,103.72618440953808
CORPORATION PRIMARY SCHOOL,31 JURONG WEST STREET 24,648347,GOVERNMENT SCHOOL,CO-ED SCHOOL,SINGLE SESSION,PRIMARY,False,False,False,False,1.35148548772662,103.707578404944,5,39,1,2,0,1,2.6,5.1,0.0,2.6,1.3434757259776775,103.72618440953808
CREST SECONDARY SCHOOL,561 JURONG EAST STREET 24,609561,SPECIALISED SCHOOL,CO-ED SCHOOL,SINGLE SESSION,SECONDARY,False,False,False,False,1.3431198045076,103.742628105304,5,39,1,2,0,1,2.6,5.1,0.0,2.6,1.3434757259776775,103.72618440953808
DAZHONG PRIMARY SCHOOL,35 BUKIT BATOK STREET 31,659441,GOVERNMENT SCHOOL,CO-ED SCHOOL,SINGLE SESSION,PRIMARY,False,False,False,False,1.3591797447277,103.74847210784,5,39,1,2,0,1,2.6,5.1,0.0,2.6,1.3434757259776775,103.72618440953808
FRONTIER PRIMARY SCHOOL,20 Jurong West Street 61,648200,GOVERNMENT SCHOOL,CO-ED SCHOOL,SINGLE SESSION,PRIMARY,False,False,False,False,1.33641298743234,103.69970173931,5,39,1,2,0,1,2.6,5.1,0.0,2.6,1.3434757259776775,103.72618440953808
FUHUA PRIMARY SCHOOL,65 JURONG EAST STREET 13,609647,GOVERNMENT SCHOOL,CO-ED SCHOOL,SINGLE SESSION,PRIMARY,False,False,False,False,1.33659726465816,103.736089481883,5,39,1,2,0,1,2.6,5.1,0.0,2.6,1.3434757259776775,103.72618440953808
FUHUA SECONDARY SCHOOL,5 JURONG WEST STREET 41,649410,GOVERNMENT SCHOOL,CO-ED SCHOOL,SINGLE SESSION,SECONDARY,False,False,False,False,1.34701408913756,103.72652089832,5,39,1,2,0,1,2.6,5.1,0.0,2.6,1.3434757259776775,103.72618440953808
HILLGROVE SECONDARY SCHOOL,10 BUKIT BATOK STREET 52,659250,GOVERNMENT SCHOOL,CO-ED SCHOOL,SINGLE SESSION,SECONDARY,False,False,False,False,1.35273576615912,103.752986488399,5,39,1,2,0,1,2.6,5.1,0.0,2.6,1.3434757259776775,103.72618440953808
HUA YI SECONDARY SCHOOL,60 JURONG WEST ST 42,649371,GOVERNMENT SCHOOL,CO-ED SCHOOL,SINGLE SESSION,SECONDARY,False,False,False,False,1.35234365488339,103.721832320169,5,39,1,2,0,1,2.6,5.1,0.0,2.6,1.3434757259776775,103.72618440953808
JURONG PRIMARY SCHOOL,320 JURONG EAST Street 32,609476,GOVERNMENT SCHOOL,CO-ED SCHOOL,SINGLE SESSION,PRIMARY,False,False,False,False,1.34843859698946,103.733156566858,5,39,1,2,0,1,2.6,5.1,0.0,2.6,1.3434757259776775,103.72618440953808
JURONG SECONDARY SCHOOL,31 YUAN CHING ROAD,618652,GOVERNMENT SCHOOL,CO-ED SCHOOL,SINGLE SESSION,SECONDARY,False,False,False,False,1.33002032220942,103.723952961648,5,39,1,2,0,1,2.6,5.1,0.0,2.6,1.3434757259776775,103.72618440953808
JURONG WEST PRIMARY SCHOOL,30 JURONG WEST ST 61,648368,GOVERNMENT SCHOOL,CO-ED SCHOOL,SINGLE SESSION,PRIMARY,False,False,False,False,1.33917519796104,103.698803732244,5,39,1,2,0,1,2.6,5.1,0.0,2.6,1.3434757259776775,103.72618440953808
JURONG WEST SECONDARY SCHOOL,61 JURONG WEST STREET 65,648348,GOVERNMENT SCHOOL,CO-ED SCHOOL,SINGLE SESSION,SECONDARY,False,False,False,False,1.33525634688323,103.702098904443,5,39,1,2,0,1,2.6,5.1,0.0,2.6,1.3434757259776775,103.72618440953808
JURONGVILLE SECONDARY SCHOOL,202 JURONG EAST AVENUE 1,609790,GOVERNMENT SCHOOL,CO-ED SCHOOL,SINGLE SESSION,SECONDARY,False,False,False,False,1.35128862770284,103.728907710089,5,39,1,2,0,1,2.6,5.1,0.0,2.6,1.3434757259776775,103.72618440953808
JUYING SECONDARY SCHOOL,33 JURONG WEST STREET 91,649038,GOVERNMENT SCHOOL,CO-ED SCHOOL,SINGLE SESSION,SECONDARY,False,False,False,False,1.3387227734133,103.687310264575,5,39,1,2,0,1,2.6,5.1,0.0,2.6,1.3434757259776775,103.72618440953808
KEMING PRIMARY SCHOOL,90 BUKIT BATOK EAST AVENUE 6,659762,GOVERNMENT SCHOOL,CO-ED SCHOOL,SINGLE SESSION,PRIMARY,False,False,False,False,1.34552849960874,103.756449399351,5,39,1,2,0,1,2.6,5.1,0.0,2.6,1.3434757259776775,103.72618440953808
LAKESIDE PRIMARY SCHOOL,161 Corporation Walk,618310,GOVERNMENT SCHOOL,CO-ED SCHOOL,SINGLE SESSION,PRIMARY,False,False,False,False,1.33820397704287,103.718089546664,5,39,1,2,0,1,2.6,5.1,0.0,2.6,1.3434757259776775,103.72618440953808
LIANHUA PRIMARY SCHOOL,2 BUKIT BATOK STREET 52,659243,GOVERNMENT SCHOOL,CO-ED SCHOOL,SINGLE SESSION,PRIMARY,False,False,False,False,1.35424191127295,103.754165828711,5,39,1,2,0,1,2.6,5.1,0.0,2.6,1.3434757259776775,103.72618440953808
MILLENNIA INSTITUTE,60 Bukit Batok West Avenue 8,658965,GOVERNMENT SCHOOL,CO-ED SCHOOL,FULL DAY,CENTRALISED INSTITUTE,False,False,False,False,1.35031939200985,103.741593577684,5,39,1,2,0,1,2.6,5.1,0.0,2.6,1.3434757259776775,103.72618440953808
PIONEER PRIMARY SCHOOL,31 JURONG WEST STREET 91,649037,GOVERNMENT SCHOOL,CO-ED SCHOOL,SINGLE SESSION,PRIMARY,False,False,False,False,1.3388763709006,103.687889547387,5,39,1,2,0,1,2.6,5.1,0.0,2.6,1.3434757259776775,103.72618440953808
PRINCESS ELIZABETH PRIMARY SCHOOL,30 BUKIT BATOK WEST AVENUE 3,659163,GOVERNMENT SCHOOL,CO-ED SCHOOL,SINGLE SESSION,PRIMARY,False,False,False,False,1.34919098857585,103.740719208011,5,39,1,2,0,1,2.6,5.1,0.0,2.6,1.3434757259776775,103.72618440953808
QIFA PRIMARY SCHOOL,50 WEST COAST AVENUE,128104,GOVERNMENT SCHOOL,CO-ED SCHOOL,SINGLE SESSION,PRIMARY,False,False,False,False,1.3132658326807,103.756629101811,5,39,1,2,0,1,2.6,5.1,0.0,2.6,1.3434757259776775,103.72618440953808
RIVER VALLEY HIGH SCHOOL,6 BOON LAY AVENUE,649961,GOVERNMENT SCHOOL,CO-ED SCHOOL,SINGLE SESSION,MIXED LEVELS,True,True,False,True,1.34459584223718,103.708190688947,5,39,1,2,0,1,2.6,5.1,0.0,2.6,1.3434757259776775,103.72618440953808
RULANG PRIMARY SCHOOL,6 JURONG WEST STREET 52,649295,GOVERNMENT SCHOOL,CO-ED SCHOOL,DOUBLE SESSION,PRIMARY,False,False,False,False,1.34673868889096,103.718457955487,5,39,1,2,0,1,2.6,5.1,0.0,2.6,1.3434757259776775,103.72618440953808
SHUQUN PRIMARY SCHOOL,8 JURONG WEST STREET 51,649332,GOVERNMENT SCHOOL,CO-ED SCHOOL,SINGLE SESSION,PRIMARY,False,False,False,False,1.34686967259067,103.721559387203,5,39,1,2,0,1,2.6,5.1,0.0,2.6,1.3434757259776775,103.72618440953808
WEST GROVE PRIMARY SCHOOL,1 JURONG WEST ST 72,649223,GOVERNMENT SCHOOL,CO-ED SCHOOL,SINGLE SESSION,PRIMARY,False,False,False,False,1.34471211768915,103.698964212988,5,39,1,2,0,1,2.6,5.1,0.0,2.6,1.3434757259776775,103.72618440953808
WESTWOOD PRIMARY SCHOOL,1 Jurong West Street 73,649188,GOVERNMENT SCHOOL,CO-ED SCHOOL,SINGLE SESSION,PRIMARY,False,False,False,False,1.3477109654722,103.700467520791,5,39,1,2,0,1,2.6,5.1,0.0,2.6,1.3434757259776775,103.72618440953808
WESTWOOD SECONDARY SCHOOL,11 JURONG WEST STREET 25,648350,GOVERNMENT SCHOOL,CO-ED SCHOOL,SINGLE SESSION,SECONDARY,False,False,False,False,1.35373698510994,103.701772102139,5,39,1,2,0,1,2.6,5.1,0.0,2.6,1.3434757259776775,103.72618440953808
XINGNAN PRIMARY SCHOOL,5 JURONG WEST STREET 91,649036,GOVERNMENT SCHOOL,CO-ED SCHOOL,SINGLE SESSION,PRIMARY,False,False,False,False,1.34270639669225,103.687588478681,5,39,1,2,0,1,2.6,5.1,0.0,2.6,1.3434757259776775,103.72618440953808
YUAN CHING SECONDARY SCHOOL,103 YUAN CHING ROAD,618654,GOVERNMENT SCHOOL,CO-ED SCHOOL,SINGLE SESSION,SECONDARY,False,False,False,False,1.34200635764467,103.72089870437,5,39,1,2,0,1,2.6,5.1,0.0,2.6,1.3434757259776775,103.72618440953808
YUHUA PRIMARY SCHOOL,158 JURONG EAST STREET 24,609558,GOVERNMENT SCHOOL,CO-ED SCHOOL,SINGLE SESSION,PRIMARY,False,False,False,False,1.34291981622016,103.740861148879,5,39,1,2,0,1,2.6,5.1,0.0,2.6,1.3434757259776775,103.72618440953808
YUHUA SECONDARY SCHOOL,35 JURONG WEST STREET 41,649406,GOVERNMENT SCHOOL,CO-ED SCHOOL,SINGLE SESSION,SECONDARY,False,False,False,False,1.34718626876968,103.722687235839,5,39,1,2,0,1,2.6,5.1,0.0,2.6,1.3434757259776775,103.72618440953808
YUSOF ISHAK SECONDARY SCHOOL,11 BUKIT BATOK STREET 25,658712,GOVERNMENT SCHOOL,CO-ED SCHOOL,SINGLE SESSION,SECONDARY,False,False,False,False,1.34235172835604,103.760159353985,5,39,1,2,0,1,2.6,5.1,0.0,2.6,1.3434757259776775,103.72618440953808
